[2026-04-12 13:02:39] Executing command: python "C:\xampp\htdocs\new attendance\attendance-project2/python/realtime_recognition.py" "C:\xampp\htdocs\new attendance\attendance-project2/temp/temp_69db7bcf62303.jpg"
[2026-04-12 13:02:39] Python output: Array
(
    [0] => {"success": false, "message": "Required model files not found"}
)

[2026-04-12 13:02:39] Error: Required model files not found
[2026-04-12 13:02:41] Executing command: python "C:\xampp\htdocs\new attendance\attendance-project2/python/realtime_recognition.py" "C:\xampp\htdocs\new attendance\attendance-project2/temp/temp_69db7bd12d843.jpg"
[2026-04-12 13:02:41] Python output: Array
(
    [0] => {"success": false, "message": "Required model files not found"}
)

[2026-04-12 13:02:41] Error: Required model files not found
[2026-04-12 13:02:43] Executing command: python "C:\xampp\htdocs\new attendance\attendance-project2/python/realtime_recognition.py" "C:\xampp\htdocs\new attendance\attendance-project2/temp/temp_69db7bd32eb15.jpg"
[2026-04-12 13:02:43] Python output: Array
(
    [0] => {"success": false, "message": "Required model files not found"}
)

[2026-04-12 13:02:43] Error: Required model files not found
[2026-04-12 13:02:45] Executing command: python "C:\xampp\htdocs\new attendance\attendance-project2/python/realtime_recognition.py" "C:\xampp\htdocs\new attendance\attendance-project2/temp/temp_69db7bd52b787.jpg"
[2026-04-12 13:02:45] Python output: Array
(
    [0] => {"success": false, "message": "Required model files not found"}
)

[2026-04-12 13:02:45] Error: Required model files not found
[2026-04-12 13:02:47] Executing command: python "C:\xampp\htdocs\new attendance\attendance-project2/python/realtime_recognition.py" "C:\xampp\htdocs\new attendance\attendance-project2/temp/temp_69db7bd732352.jpg"
[2026-04-12 13:02:47] Python output: Array
(
    [0] => {"success": false, "message": "Required model files not found"}
)

[2026-04-12 13:02:47] Error: Required model files not found
[2026-04-12 13:02:49] Executing command: python "C:\xampp\htdocs\new attendance\attendance-project2/python/realtime_recognition.py" "C:\xampp\htdocs\new attendance\attendance-project2/temp/temp_69db7bd92f150.jpg"
[2026-04-12 13:02:49] Python output: Array
(
    [0] => {"success": false, "message": "Required model files not found"}
)

[2026-04-12 13:02:49] Error: Required model files not found
[2026-04-12 13:02:51] Executing command: python "C:\xampp\htdocs\new attendance\attendance-project2/python/realtime_recognition.py" "C:\xampp\htdocs\new attendance\attendance-project2/temp/temp_69db7bdb368af.jpg"
[2026-04-12 13:02:51] Python output: Array
(
    [0] => {"success": false, "message": "Required model files not found"}
)

[2026-04-12 13:02:51] Error: Required model files not found
[2026-04-12 13:02:53] Executing command: python "C:\xampp\htdocs\new attendance\attendance-project2/python/realtime_recognition.py" "C:\xampp\htdocs\new attendance\attendance-project2/temp/temp_69db7bdd2e8e6.jpg"
[2026-04-12 13:02:53] Python output: Array
(
    [0] => {"success": false, "message": "Required model files not found"}
)

[2026-04-12 13:02:53] Error: Required model files not found
[2026-04-12 13:02:55] Executing command: python "C:\xampp\htdocs\new attendance\attendance-project2/python/realtime_recognition.py" "C:\xampp\htdocs\new attendance\attendance-project2/temp/temp_69db7bdf2dfa4.jpg"
[2026-04-12 13:02:55] Python output: Array
(
    [0] => {"success": false, "message": "Required model files not found"}
)

[2026-04-12 13:02:55] Error: Required model files not found
[2026-04-12 13:02:57] Executing command: python "C:\xampp\htdocs\new attendance\attendance-project2/python/realtime_recognition.py" "C:\xampp\htdocs\new attendance\attendance-project2/temp/temp_69db7be12e702.jpg"
[2026-04-12 13:02:57] Python output: Array
(
    [0] => {"success": false, "message": "Required model files not found"}
)

[2026-04-12 13:02:57] Error: Required model files not found
[2026-04-12 13:02:59] Executing command: python "C:\xampp\htdocs\new attendance\attendance-project2/python/realtime_recognition.py" "C:\xampp\htdocs\new attendance\attendance-project2/temp/temp_69db7be32e578.jpg"
[2026-04-12 13:02:59] Python output: Array
(
    [0] => {"success": false, "message": "Required model files not found"}
)

[2026-04-12 13:02:59] Error: Required model files not found
[2026-04-12 13:03:01] Executing command: python "C:\xampp\htdocs\new attendance\attendance-project2/python/realtime_recognition.py" "C:\xampp\htdocs\new attendance\attendance-project2/temp/temp_69db7be52fc5a.jpg"
[2026-04-12 13:03:01] Python output: Array
(
    [0] => {"success": false, "message": "Required model files not found"}
)

[2026-04-12 13:03:01] Error: Required model files not found
[2026-04-12 13:03:03] Executing command: python "C:\xampp\htdocs\new attendance\attendance-project2/python/realtime_recognition.py" "C:\xampp\htdocs\new attendance\attendance-project2/temp/temp_69db7be72f0db.jpg"
[2026-04-12 13:03:03] Python output: Array
(
    [0] => {"success": false, "message": "Required model files not found"}
)

[2026-04-12 13:03:03] Error: Required model files not found
[2026-04-12 13:03:05] Executing command: python "C:\xampp\htdocs\new attendance\attendance-project2/python/realtime_recognition.py" "C:\xampp\htdocs\new attendance\attendance-project2/temp/temp_69db7be92cb0c.jpg"
[2026-04-12 13:03:05] Python output: Array
(
    [0] => {"success": false, "message": "Required model files not found"}
)

[2026-04-12 13:03:05] Error: Required model files not found
[2026-04-12 13:03:07] Executing command: python "C:\xampp\htdocs\new attendance\attendance-project2/python/realtime_recognition.py" "C:\xampp\htdocs\new attendance\attendance-project2/temp/temp_69db7beb2b9c0.jpg"
[2026-04-12 13:03:07] Python output: Array
(
    [0] => {"success": false, "message": "Required model files not found"}
)

[2026-04-12 13:03:07] Error: Required model files not found
[2026-04-12 13:03:09] Executing command: python "C:\xampp\htdocs\new attendance\attendance-project2/python/realtime_recognition.py" "C:\xampp\htdocs\new attendance\attendance-project2/temp/temp_69db7bed2f7e6.jpg"
[2026-04-12 13:03:09] Python output: Array
(
    [0] => {"success": false, "message": "Required model files not found"}
)

[2026-04-12 13:03:09] Error: Required model files not found
[2026-04-12 13:03:11] Executing command: python "C:\xampp\htdocs\new attendance\attendance-project2/python/realtime_recognition.py" "C:\xampp\htdocs\new attendance\attendance-project2/temp/temp_69db7bef2b33c.jpg"
[2026-04-12 13:03:11] Python output: Array
(
    [0] => {"success": false, "message": "Required model files not found"}
)

[2026-04-12 13:03:11] Error: Required model files not found
[2026-04-12 13:03:13] Executing command: python "C:\xampp\htdocs\new attendance\attendance-project2/python/realtime_recognition.py" "C:\xampp\htdocs\new attendance\attendance-project2/temp/temp_69db7bf12d24c.jpg"
[2026-04-12 13:03:13] Python output: Array
(
    [0] => {"success": false, "message": "Required model files not found"}
)

[2026-04-12 13:03:13] Error: Required model files not found
[2026-04-12 13:03:15] Executing command: python "C:\xampp\htdocs\new attendance\attendance-project2/python/realtime_recognition.py" "C:\xampp\htdocs\new attendance\attendance-project2/temp/temp_69db7bf32c9ed.jpg"
[2026-04-12 13:03:15] Python output: Array
(
    [0] => {"success": false, "message": "Required model files not found"}
)

[2026-04-12 13:03:15] Error: Required model files not found
[2026-04-12 13:03:17] Executing command: python "C:\xampp\htdocs\new attendance\attendance-project2/python/realtime_recognition.py" "C:\xampp\htdocs\new attendance\attendance-project2/temp/temp_69db7bf52d625.jpg"
[2026-04-12 13:03:17] Python output: Array
(
    [0] => {"success": false, "message": "Required model files not found"}
)

[2026-04-12 13:03:17] Error: Required model files not found
[2026-04-12 13:03:19] Executing command: python "C:\xampp\htdocs\new attendance\attendance-project2/python/realtime_recognition.py" "C:\xampp\htdocs\new attendance\attendance-project2/temp/temp_69db7bf72fd94.jpg"
[2026-04-12 13:03:19] Python output: Array
(
    [0] => {"success": false, "message": "Required model files not found"}
)

[2026-04-12 13:03:19] Error: Required model files not found
[2026-04-12 13:03:21] Executing command: python "C:\xampp\htdocs\new attendance\attendance-project2/python/realtime_recognition.py" "C:\xampp\htdocs\new attendance\attendance-project2/temp/temp_69db7bf930c2a.jpg"
[2026-04-12 13:03:21] Python output: Array
(
    [0] => {"success": false, "message": "Required model files not found"}
)

[2026-04-12 13:03:21] Error: Required model files not found
[2026-04-12 13:03:23] Executing command: python "C:\xampp\htdocs\new attendance\attendance-project2/python/realtime_recognition.py" "C:\xampp\htdocs\new attendance\attendance-project2/temp/temp_69db7bfb2b45f.jpg"
[2026-04-12 13:03:23] Python output: Array
(
    [0] => {"success": false, "message": "Required model files not found"}
)

[2026-04-12 13:03:23] Error: Required model files not found
[2026-04-12 13:03:25] Executing command: python "C:\xampp\htdocs\new attendance\attendance-project2/python/realtime_recognition.py" "C:\xampp\htdocs\new attendance\attendance-project2/temp/temp_69db7bfd2d582.jpg"
[2026-04-12 13:03:25] Python output: Array
(
    [0] => {"success": false, "message": "Required model files not found"}
)

[2026-04-12 13:03:25] Error: Required model files not found
[2026-04-12 13:03:27] Executing command: python "C:\xampp\htdocs\new attendance\attendance-project2/python/realtime_recognition.py" "C:\xampp\htdocs\new attendance\attendance-project2/temp/temp_69db7bff2e5ab.jpg"
[2026-04-12 13:03:27] Python output: Array
(
    [0] => {"success": false, "message": "Required model files not found"}
)

[2026-04-12 13:03:27] Error: Required model files not found
[2026-04-12 13:03:29] Executing command: python "C:\xampp\htdocs\new attendance\attendance-project2/python/realtime_recognition.py" "C:\xampp\htdocs\new attendance\attendance-project2/temp/temp_69db7c012ead7.jpg"
[2026-04-12 13:03:29] Python output: Array
(
    [0] => {"success": false, "message": "Required model files not found"}
)

[2026-04-12 13:03:29] Error: Required model files not found
[2026-04-12 13:03:31] Executing command: python "C:\xampp\htdocs\new attendance\attendance-project2/python/realtime_recognition.py" "C:\xampp\htdocs\new attendance\attendance-project2/temp/temp_69db7c032fceb.jpg"
[2026-04-12 13:03:31] Python output: Array
(
    [0] => {"success": false, "message": "Required model files not found"}
)

[2026-04-12 13:03:31] Error: Required model files not found
[2026-04-12 13:03:33] Executing command: python "C:\xampp\htdocs\new attendance\attendance-project2/python/realtime_recognition.py" "C:\xampp\htdocs\new attendance\attendance-project2/temp/temp_69db7c052d6e4.jpg"
[2026-04-12 13:03:33] Python output: Array
(
    [0] => {"success": false, "message": "Required model files not found"}
)

[2026-04-12 13:03:33] Error: Required model files not found
[2026-04-12 13:03:35] Executing command: python "C:\xampp\htdocs\new attendance\attendance-project2/python/realtime_recognition.py" "C:\xampp\htdocs\new attendance\attendance-project2/temp/temp_69db7c072cd71.jpg"
[2026-04-12 13:03:35] Python output: Array
(
    [0] => {"success": false, "message": "Required model files not found"}
)

[2026-04-12 13:03:35] Error: Required model files not found
[2026-04-12 13:03:37] Executing command: python "C:\xampp\htdocs\new attendance\attendance-project2/python/realtime_recognition.py" "C:\xampp\htdocs\new attendance\attendance-project2/temp/temp_69db7c092eaf0.jpg"
[2026-04-12 13:03:37] Python output: Array
(
    [0] => {"success": false, "message": "Required model files not found"}
)

[2026-04-12 13:03:37] Error: Required model files not found
[2026-04-12 13:03:39] Executing command: python "C:\xampp\htdocs\new attendance\attendance-project2/python/realtime_recognition.py" "C:\xampp\htdocs\new attendance\attendance-project2/temp/temp_69db7c0b2b833.jpg"
[2026-04-12 13:03:39] Python output: Array
(
    [0] => {"success": false, "message": "Required model files not found"}
)

[2026-04-12 13:03:39] Error: Required model files not found
[2026-04-12 13:03:41] Executing command: python "C:\xampp\htdocs\new attendance\attendance-project2/python/realtime_recognition.py" "C:\xampp\htdocs\new attendance\attendance-project2/temp/temp_69db7c0d2fc56.jpg"
[2026-04-12 13:03:41] Python output: Array
(
    [0] => {"success": false, "message": "Required model files not found"}
)

[2026-04-12 13:03:41] Error: Required model files not found
[2026-04-12 13:03:43] Executing command: python "C:\xampp\htdocs\new attendance\attendance-project2/python/realtime_recognition.py" "C:\xampp\htdocs\new attendance\attendance-project2/temp/temp_69db7c0f2fc3d.jpg"
[2026-04-12 13:03:43] Python output: Array
(
    [0] => {"success": false, "message": "Required model files not found"}
)

[2026-04-12 13:03:43] Error: Required model files not found
[2026-04-12 13:03:45] Executing command: python "C:\xampp\htdocs\new attendance\attendance-project2/python/realtime_recognition.py" "C:\xampp\htdocs\new attendance\attendance-project2/temp/temp_69db7c112c2e5.jpg"
[2026-04-12 13:03:45] Python output: Array
(
    [0] => {"success": false, "message": "Required model files not found"}
)

[2026-04-12 13:03:45] Error: Required model files not found
[2026-04-12 13:03:47] Executing command: python "C:\xampp\htdocs\new attendance\attendance-project2/python/realtime_recognition.py" "C:\xampp\htdocs\new attendance\attendance-project2/temp/temp_69db7c132bc08.jpg"
[2026-04-12 13:03:47] Python output: Array
(
    [0] => {"success": false, "message": "Required model files not found"}
)

[2026-04-12 13:03:47] Error: Required model files not found
[2026-04-12 13:03:49] Executing command: python "C:\xampp\htdocs\new attendance\attendance-project2/python/realtime_recognition.py" "C:\xampp\htdocs\new attendance\attendance-project2/temp/temp_69db7c152dd7e.jpg"
[2026-04-12 13:03:49] Python output: Array
(
    [0] => {"success": false, "message": "Required model files not found"}
)

[2026-04-12 13:03:49] Error: Required model files not found
[2026-04-12 13:03:51] Executing command: python "C:\xampp\htdocs\new attendance\attendance-project2/python/realtime_recognition.py" "C:\xampp\htdocs\new attendance\attendance-project2/temp/temp_69db7c172bf50.jpg"
[2026-04-12 13:03:51] Python output: Array
(
    [0] => {"success": false, "message": "Required model files not found"}
)

[2026-04-12 13:03:51] Error: Required model files not found
[2026-04-12 13:03:53] Executing command: python "C:\xampp\htdocs\new attendance\attendance-project2/python/realtime_recognition.py" "C:\xampp\htdocs\new attendance\attendance-project2/temp/temp_69db7c192c2c6.jpg"
[2026-04-12 13:03:53] Python output: Array
(
    [0] => {"success": false, "message": "Required model files not found"}
)

[2026-04-12 13:03:53] Error: Required model files not found
[2026-04-12 13:03:55] Executing command: python "C:\xampp\htdocs\new attendance\attendance-project2/python/realtime_recognition.py" "C:\xampp\htdocs\new attendance\attendance-project2/temp/temp_69db7c1b2aa5a.jpg"
[2026-04-12 13:03:55] Python output: Array
(
    [0] => {"success": false, "message": "Required model files not found"}
)

[2026-04-12 13:03:55] Error: Required model files not found
[2026-04-12 13:03:57] Executing command: python "C:\xampp\htdocs\new attendance\attendance-project2/python/realtime_recognition.py" "C:\xampp\htdocs\new attendance\attendance-project2/temp/temp_69db7c1d2bc94.jpg"
[2026-04-12 13:03:57] Python output: Array
(
    [0] => {"success": false, "message": "Required model files not found"}
)

[2026-04-12 13:03:57] Error: Required model files not found
[2026-04-12 13:03:59] Executing command: python "C:\xampp\htdocs\new attendance\attendance-project2/python/realtime_recognition.py" "C:\xampp\htdocs\new attendance\attendance-project2/temp/temp_69db7c1f2bd09.jpg"
[2026-04-12 13:03:59] Python output: Array
(
    [0] => {"success": false, "message": "Required model files not found"}
)

[2026-04-12 13:03:59] Error: Required model files not found
[2026-04-12 13:04:01] Executing command: python "C:\xampp\htdocs\new attendance\attendance-project2/python/realtime_recognition.py" "C:\xampp\htdocs\new attendance\attendance-project2/temp/temp_69db7c2131175.jpg"
[2026-04-12 13:04:01] Python output: Array
(
    [0] => {"success": false, "message": "Required model files not found"}
)

[2026-04-12 13:04:01] Error: Required model files not found
[2026-04-12 13:04:03] Executing command: python "C:\xampp\htdocs\new attendance\attendance-project2/python/realtime_recognition.py" "C:\xampp\htdocs\new attendance\attendance-project2/temp/temp_69db7c232dc6c.jpg"
[2026-04-12 13:04:03] Python output: Array
(
    [0] => {"success": false, "message": "Required model files not found"}
)

[2026-04-12 13:04:03] Error: Required model files not found
[2026-04-12 13:04:05] Executing command: python "C:\xampp\htdocs\new attendance\attendance-project2/python/realtime_recognition.py" "C:\xampp\htdocs\new attendance\attendance-project2/temp/temp_69db7c252b7e1.jpg"
[2026-04-12 13:04:05] Python output: Array
(
    [0] => {"success": false, "message": "Required model files not found"}
)

[2026-04-12 13:04:05] Error: Required model files not found
[2026-04-12 13:04:07] Executing command: python "C:\xampp\htdocs\new attendance\attendance-project2/python/realtime_recognition.py" "C:\xampp\htdocs\new attendance\attendance-project2/temp/temp_69db7c272ece3.jpg"
[2026-04-12 13:04:07] Python output: Array
(
    [0] => {"success": false, "message": "Required model files not found"}
)

[2026-04-12 13:04:07] Error: Required model files not found
[2026-04-12 13:04:09] Executing command: python "C:\xampp\htdocs\new attendance\attendance-project2/python/realtime_recognition.py" "C:\xampp\htdocs\new attendance\attendance-project2/temp/temp_69db7c292e577.jpg"
[2026-04-12 13:04:09] Python output: Array
(
    [0] => {"success": false, "message": "Required model files not found"}
)

[2026-04-12 13:04:09] Error: Required model files not found
[2026-04-12 13:04:11] Executing command: python "C:\xampp\htdocs\new attendance\attendance-project2/python/realtime_recognition.py" "C:\xampp\htdocs\new attendance\attendance-project2/temp/temp_69db7c2b2ddc2.jpg"
[2026-04-12 13:04:11] Python output: Array
(
    [0] => {"success": false, "message": "Required model files not found"}
)

[2026-04-12 13:04:11] Error: Required model files not found
[2026-04-12 13:04:13] Executing command: python "C:\xampp\htdocs\new attendance\attendance-project2/python/realtime_recognition.py" "C:\xampp\htdocs\new attendance\attendance-project2/temp/temp_69db7c2d2fb85.jpg"
[2026-04-12 13:04:13] Python output: Array
(
    [0] => {"success": false, "message": "Required model files not found"}
)

[2026-04-12 13:04:13] Error: Required model files not found
[2026-04-12 13:04:15] Executing command: python "C:\xampp\htdocs\new attendance\attendance-project2/python/realtime_recognition.py" "C:\xampp\htdocs\new attendance\attendance-project2/temp/temp_69db7c2f2f61b.jpg"
[2026-04-12 13:04:15] Python output: Array
(
    [0] => {"success": false, "message": "Required model files not found"}
)

[2026-04-12 13:04:15] Error: Required model files not found
[2026-04-12 13:04:17] Executing command: python "C:\xampp\htdocs\new attendance\attendance-project2/python/realtime_recognition.py" "C:\xampp\htdocs\new attendance\attendance-project2/temp/temp_69db7c312bb94.jpg"
[2026-04-12 13:04:17] Python output: Array
(
    [0] => {"success": false, "message": "Required model files not found"}
)

[2026-04-12 13:04:17] Error: Required model files not found
[2026-04-12 13:04:19] Executing command: python "C:\xampp\htdocs\new attendance\attendance-project2/python/realtime_recognition.py" "C:\xampp\htdocs\new attendance\attendance-project2/temp/temp_69db7c332ca17.jpg"
[2026-04-12 13:04:19] Python output: Array
(
    [0] => {"success": false, "message": "Required model files not found"}
)

[2026-04-12 13:04:19] Error: Required model files not found
[2026-04-12 13:04:21] Executing command: python "C:\xampp\htdocs\new attendance\attendance-project2/python/realtime_recognition.py" "C:\xampp\htdocs\new attendance\attendance-project2/temp/temp_69db7c352dc6d.jpg"
[2026-04-12 13:04:21] Python output: Array
(
    [0] => {"success": false, "message": "Required model files not found"}
)

[2026-04-12 13:04:21] Error: Required model files not found
[2026-04-12 13:04:23] Executing command: python "C:\xampp\htdocs\new attendance\attendance-project2/python/realtime_recognition.py" "C:\xampp\htdocs\new attendance\attendance-project2/temp/temp_69db7c372e771.jpg"
[2026-04-12 13:04:23] Python output: Array
(
    [0] => {"success": false, "message": "Required model files not found"}
)

[2026-04-12 13:04:23] Error: Required model files not found
[2026-04-12 13:04:25] Executing command: python "C:\xampp\htdocs\new attendance\attendance-project2/python/realtime_recognition.py" "C:\xampp\htdocs\new attendance\attendance-project2/temp/temp_69db7c392d0ad.jpg"
[2026-04-12 13:04:25] Python output: Array
(
    [0] => {"success": false, "message": "Required model files not found"}
)

[2026-04-12 13:04:25] Error: Required model files not found
[2026-04-12 13:04:27] Executing command: python "C:\xampp\htdocs\new attendance\attendance-project2/python/realtime_recognition.py" "C:\xampp\htdocs\new attendance\attendance-project2/temp/temp_69db7c3b2d081.jpg"
[2026-04-12 13:04:27] Python output: Array
(
    [0] => {"success": false, "message": "Required model files not found"}
)

[2026-04-12 13:04:27] Error: Required model files not found
[2026-04-12 13:04:29] Executing command: python "C:\xampp\htdocs\new attendance\attendance-project2/python/realtime_recognition.py" "C:\xampp\htdocs\new attendance\attendance-project2/temp/temp_69db7c3d2f49d.jpg"
[2026-04-12 13:04:29] Python output: Array
(
    [0] => {"success": false, "message": "Required model files not found"}
)

[2026-04-12 13:04:29] Error: Required model files not found
[2026-04-12 13:04:31] Executing command: python "C:\xampp\htdocs\new attendance\attendance-project2/python/realtime_recognition.py" "C:\xampp\htdocs\new attendance\attendance-project2/temp/temp_69db7c3f32925.jpg"
[2026-04-12 13:04:31] Python output: Array
(
    [0] => {"success": false, "message": "Required model files not found"}
)

[2026-04-12 13:04:31] Error: Required model files not found
[2026-04-12 13:04:33] Executing command: python "C:\xampp\htdocs\new attendance\attendance-project2/python/realtime_recognition.py" "C:\xampp\htdocs\new attendance\attendance-project2/temp/temp_69db7c41308ac.jpg"
[2026-04-12 13:04:33] Python output: Array
(
    [0] => {"success": false, "message": "Required model files not found"}
)

[2026-04-12 13:04:33] Error: Required model files not found
[2026-04-12 13:04:35] Executing command: python "C:\xampp\htdocs\new attendance\attendance-project2/python/realtime_recognition.py" "C:\xampp\htdocs\new attendance\attendance-project2/temp/temp_69db7c432b95d.jpg"
[2026-04-12 13:04:35] Python output: Array
(
    [0] => {"success": false, "message": "Required model files not found"}
)

[2026-04-12 13:04:35] Error: Required model files not found
[2026-04-12 13:04:37] Executing command: python "C:\xampp\htdocs\new attendance\attendance-project2/python/realtime_recognition.py" "C:\xampp\htdocs\new attendance\attendance-project2/temp/temp_69db7c4530034.jpg"
[2026-04-12 13:04:37] Python output: Array
(
    [0] => {"success": false, "message": "Required model files not found"}
)

[2026-04-12 13:04:37] Error: Required model files not found
[2026-04-12 13:04:39] Executing command: python "C:\xampp\htdocs\new attendance\attendance-project2/python/realtime_recognition.py" "C:\xampp\htdocs\new attendance\attendance-project2/temp/temp_69db7c472d404.jpg"
[2026-04-12 13:04:39] Python output: Array
(
    [0] => {"success": false, "message": "Required model files not found"}
)

[2026-04-12 13:04:39] Error: Required model files not found
[2026-04-12 13:04:41] Executing command: python "C:\xampp\htdocs\new attendance\attendance-project2/python/realtime_recognition.py" "C:\xampp\htdocs\new attendance\attendance-project2/temp/temp_69db7c492e9a7.jpg"
[2026-04-12 13:04:41] Python output: Array
(
    [0] => {"success": false, "message": "Required model files not found"}
)

[2026-04-12 13:04:41] Error: Required model files not found
[2026-04-12 13:04:43] Executing command: python "C:\xampp\htdocs\new attendance\attendance-project2/python/realtime_recognition.py" "C:\xampp\htdocs\new attendance\attendance-project2/temp/temp_69db7c4b2c990.jpg"
[2026-04-12 13:04:43] Python output: Array
(
    [0] => {"success": false, "message": "Required model files not found"}
)

[2026-04-12 13:04:43] Error: Required model files not found
[2026-04-12 13:04:45] Executing command: python "C:\xampp\htdocs\new attendance\attendance-project2/python/realtime_recognition.py" "C:\xampp\htdocs\new attendance\attendance-project2/temp/temp_69db7c4d2e4e6.jpg"
[2026-04-12 13:04:45] Python output: Array
(
    [0] => {"success": false, "message": "Required model files not found"}
)

[2026-04-12 13:04:45] Error: Required model files not found
[2026-04-12 13:04:47] Executing command: python "C:\xampp\htdocs\new attendance\attendance-project2/python/realtime_recognition.py" "C:\xampp\htdocs\new attendance\attendance-project2/temp/temp_69db7c4f2cf50.jpg"
[2026-04-12 13:04:47] Python output: Array
(
    [0] => {"success": false, "message": "Required model files not found"}
)

[2026-04-12 13:04:47] Error: Required model files not found
[2026-04-12 13:04:49] Executing command: python "C:\xampp\htdocs\new attendance\attendance-project2/python/realtime_recognition.py" "C:\xampp\htdocs\new attendance\attendance-project2/temp/temp_69db7c512fe22.jpg"
[2026-04-12 13:04:49] Python output: Array
(
    [0] => {"success": false, "message": "Required model files not found"}
)

[2026-04-12 13:04:49] Error: Required model files not found
[2026-04-12 13:04:51] Executing command: python "C:\xampp\htdocs\new attendance\attendance-project2/python/realtime_recognition.py" "C:\xampp\htdocs\new attendance\attendance-project2/temp/temp_69db7c532ccb7.jpg"
[2026-04-12 13:04:51] Python output: Array
(
    [0] => {"success": false, "message": "Required model files not found"}
)

[2026-04-12 13:04:51] Error: Required model files not found
[2026-04-12 13:04:53] Executing command: python "C:\xampp\htdocs\new attendance\attendance-project2/python/realtime_recognition.py" "C:\xampp\htdocs\new attendance\attendance-project2/temp/temp_69db7c552d9c9.jpg"
[2026-04-12 13:04:53] Python output: Array
(
    [0] => {"success": false, "message": "Required model files not found"}
)

[2026-04-12 13:04:53] Error: Required model files not found
[2026-04-12 13:04:55] Executing command: python "C:\xampp\htdocs\new attendance\attendance-project2/python/realtime_recognition.py" "C:\xampp\htdocs\new attendance\attendance-project2/temp/temp_69db7c572d32b.jpg"
[2026-04-12 13:04:55] Python output: Array
(
    [0] => {"success": false, "message": "Required model files not found"}
)

[2026-04-12 13:04:55] Error: Required model files not found
[2026-04-12 13:04:57] Executing command: python "C:\xampp\htdocs\new attendance\attendance-project2/python/realtime_recognition.py" "C:\xampp\htdocs\new attendance\attendance-project2/temp/temp_69db7c592d004.jpg"
[2026-04-12 13:04:57] Python output: Array
(
    [0] => {"success": false, "message": "Required model files not found"}
)

[2026-04-12 13:04:57] Error: Required model files not found
[2026-04-12 13:04:59] Executing command: python "C:\xampp\htdocs\new attendance\attendance-project2/python/realtime_recognition.py" "C:\xampp\htdocs\new attendance\attendance-project2/temp/temp_69db7c5b2eb3f.jpg"
[2026-04-12 13:04:59] Python output: Array
(
    [0] => {"success": false, "message": "Required model files not found"}
)

[2026-04-12 13:04:59] Error: Required model files not found
[2026-04-12 13:05:01] Executing command: python "C:\xampp\htdocs\new attendance\attendance-project2/python/realtime_recognition.py" "C:\xampp\htdocs\new attendance\attendance-project2/temp/temp_69db7c5d2bfb7.jpg"
[2026-04-12 13:05:01] Python output: Array
(
    [0] => {"success": false, "message": "Required model files not found"}
)

[2026-04-12 13:05:01] Error: Required model files not found
[2026-04-12 13:05:03] Executing command: python "C:\xampp\htdocs\new attendance\attendance-project2/python/realtime_recognition.py" "C:\xampp\htdocs\new attendance\attendance-project2/temp/temp_69db7c5f2ab7e.jpg"
[2026-04-12 13:05:03] Python output: Array
(
    [0] => {"success": false, "message": "Required model files not found"}
)

[2026-04-12 13:05:03] Error: Required model files not found
[2026-04-12 13:05:05] Executing command: python "C:\xampp\htdocs\new attendance\attendance-project2/python/realtime_recognition.py" "C:\xampp\htdocs\new attendance\attendance-project2/temp/temp_69db7c612cc9f.jpg"
[2026-04-12 13:05:05] Python output: Array
(
    [0] => {"success": false, "message": "Required model files not found"}
)

[2026-04-12 13:05:05] Error: Required model files not found
[2026-04-12 13:05:07] Executing command: python "C:\xampp\htdocs\new attendance\attendance-project2/python/realtime_recognition.py" "C:\xampp\htdocs\new attendance\attendance-project2/temp/temp_69db7c632f6ab.jpg"
[2026-04-12 13:05:07] Python output: Array
(
    [0] => {"success": false, "message": "Required model files not found"}
)

[2026-04-12 13:05:07] Error: Required model files not found
[2026-04-12 13:05:09] Executing command: python "C:\xampp\htdocs\new attendance\attendance-project2/python/realtime_recognition.py" "C:\xampp\htdocs\new attendance\attendance-project2/temp/temp_69db7c652d23e.jpg"
[2026-04-12 13:05:09] Python output: Array
(
    [0] => {"success": false, "message": "Required model files not found"}
)

[2026-04-12 13:05:09] Error: Required model files not found
[2026-04-12 13:05:11] Executing command: python "C:\xampp\htdocs\new attendance\attendance-project2/python/realtime_recognition.py" "C:\xampp\htdocs\new attendance\attendance-project2/temp/temp_69db7c672c639.jpg"
[2026-04-12 13:05:11] Python output: Array
(
    [0] => {"success": false, "message": "Required model files not found"}
)

[2026-04-12 13:05:11] Error: Required model files not found
[2026-04-12 13:05:13] Executing command: python "C:\xampp\htdocs\new attendance\attendance-project2/python/realtime_recognition.py" "C:\xampp\htdocs\new attendance\attendance-project2/temp/temp_69db7c6930451.jpg"
[2026-04-12 13:05:13] Python output: Array
(
    [0] => {"success": false, "message": "Required model files not found"}
)

[2026-04-12 13:05:13] Error: Required model files not found
[2026-04-12 13:05:15] Executing command: python "C:\xampp\htdocs\new attendance\attendance-project2/python/realtime_recognition.py" "C:\xampp\htdocs\new attendance\attendance-project2/temp/temp_69db7c6b2eca1.jpg"
[2026-04-12 13:05:15] Python output: Array
(
    [0] => {"success": false, "message": "Required model files not found"}
)

[2026-04-12 13:05:15] Error: Required model files not found
[2026-04-12 13:05:17] Executing command: python "C:\xampp\htdocs\new attendance\attendance-project2/python/realtime_recognition.py" "C:\xampp\htdocs\new attendance\attendance-project2/temp/temp_69db7c6d2e8ee.jpg"
[2026-04-12 13:05:17] Python output: Array
(
    [0] => {"success": false, "message": "Required model files not found"}
)

[2026-04-12 13:05:17] Error: Required model files not found
[2026-04-12 13:05:19] Executing command: python "C:\xampp\htdocs\new attendance\attendance-project2/python/realtime_recognition.py" "C:\xampp\htdocs\new attendance\attendance-project2/temp/temp_69db7c6f2ded3.jpg"
[2026-04-12 13:05:19] Python output: Array
(
    [0] => {"success": false, "message": "Required model files not found"}
)

[2026-04-12 13:05:19] Error: Required model files not found
[2026-04-12 13:05:21] Executing command: python "C:\xampp\htdocs\new attendance\attendance-project2/python/realtime_recognition.py" "C:\xampp\htdocs\new attendance\attendance-project2/temp/temp_69db7c712fb51.jpg"
[2026-04-12 13:05:21] Python output: Array
(
    [0] => {"success": false, "message": "Required model files not found"}
)

[2026-04-12 13:05:21] Error: Required model files not found
[2026-04-12 13:05:23] Executing command: python "C:\xampp\htdocs\new attendance\attendance-project2/python/realtime_recognition.py" "C:\xampp\htdocs\new attendance\attendance-project2/temp/temp_69db7c732dd99.jpg"
[2026-04-12 13:05:23] Python output: Array
(
    [0] => {"success": false, "message": "Required model files not found"}
)

[2026-04-12 13:05:23] Error: Required model files not found
[2026-04-12 13:05:25] Executing command: python "C:\xampp\htdocs\new attendance\attendance-project2/python/realtime_recognition.py" "C:\xampp\htdocs\new attendance\attendance-project2/temp/temp_69db7c752eec4.jpg"
[2026-04-12 13:05:25] Python output: Array
(
    [0] => {"success": false, "message": "Required model files not found"}
)

[2026-04-12 13:05:25] Error: Required model files not found
[2026-04-12 13:05:27] Executing command: python "C:\xampp\htdocs\new attendance\attendance-project2/python/realtime_recognition.py" "C:\xampp\htdocs\new attendance\attendance-project2/temp/temp_69db7c772d46e.jpg"
[2026-04-12 13:05:27] Python output: Array
(
    [0] => {"success": false, "message": "Required model files not found"}
)

[2026-04-12 13:05:27] Error: Required model files not found
[2026-04-12 13:05:29] Executing command: python "C:\xampp\htdocs\new attendance\attendance-project2/python/realtime_recognition.py" "C:\xampp\htdocs\new attendance\attendance-project2/temp/temp_69db7c792dc7b.jpg"
[2026-04-12 13:05:29] Python output: Array
(
    [0] => {"success": false, "message": "Required model files not found"}
)

[2026-04-12 13:05:29] Error: Required model files not found
[2026-04-12 13:05:31] Executing command: python "C:\xampp\htdocs\new attendance\attendance-project2/python/realtime_recognition.py" "C:\xampp\htdocs\new attendance\attendance-project2/temp/temp_69db7c7b31da0.jpg"
[2026-04-12 13:05:31] Python output: Array
(
    [0] => {"success": false, "message": "Required model files not found"}
)

[2026-04-12 13:05:31] Error: Required model files not found
[2026-04-12 13:05:33] Executing command: python "C:\xampp\htdocs\new attendance\attendance-project2/python/realtime_recognition.py" "C:\xampp\htdocs\new attendance\attendance-project2/temp/temp_69db7c7d30cf5.jpg"
[2026-04-12 13:05:33] Python output: Array
(
    [0] => {"success": false, "message": "Required model files not found"}
)

[2026-04-12 13:05:33] Error: Required model files not found
[2026-04-12 13:05:35] Executing command: python "C:\xampp\htdocs\new attendance\attendance-project2/python/realtime_recognition.py" "C:\xampp\htdocs\new attendance\attendance-project2/temp/temp_69db7c7f31728.jpg"
[2026-04-12 13:05:35] Python output: Array
(
    [0] => {"success": false, "message": "Required model files not found"}
)

[2026-04-12 13:05:35] Error: Required model files not found
[2026-04-12 13:05:37] Executing command: python "C:\xampp\htdocs\new attendance\attendance-project2/python/realtime_recognition.py" "C:\xampp\htdocs\new attendance\attendance-project2/temp/temp_69db7c812d478.jpg"
[2026-04-12 13:05:37] Python output: Array
(
    [0] => {"success": false, "message": "Required model files not found"}
)

[2026-04-12 13:05:37] Error: Required model files not found
[2026-04-12 13:05:39] Executing command: python "C:\xampp\htdocs\new attendance\attendance-project2/python/realtime_recognition.py" "C:\xampp\htdocs\new attendance\attendance-project2/temp/temp_69db7c832ffbe.jpg"
[2026-04-12 13:05:39] Python output: Array
(
    [0] => {"success": false, "message": "Required model files not found"}
)

[2026-04-12 13:05:39] Error: Required model files not found
[2026-04-12 13:05:41] Executing command: python "C:\xampp\htdocs\new attendance\attendance-project2/python/realtime_recognition.py" "C:\xampp\htdocs\new attendance\attendance-project2/temp/temp_69db7c852c1dc.jpg"
[2026-04-12 13:05:41] Python output: Array
(
    [0] => {"success": false, "message": "Required model files not found"}
)

[2026-04-12 13:05:41] Error: Required model files not found
[2026-04-12 13:05:43] Executing command: python "C:\xampp\htdocs\new attendance\attendance-project2/python/realtime_recognition.py" "C:\xampp\htdocs\new attendance\attendance-project2/temp/temp_69db7c872e60a.jpg"
[2026-04-12 13:05:43] Python output: Array
(
    [0] => {"success": false, "message": "Required model files not found"}
)

[2026-04-12 13:05:43] Error: Required model files not found
[2026-04-12 13:05:45] Executing command: python "C:\xampp\htdocs\new attendance\attendance-project2/python/realtime_recognition.py" "C:\xampp\htdocs\new attendance\attendance-project2/temp/temp_69db7c892f123.jpg"
[2026-04-12 13:05:45] Python output: Array
(
    [0] => {"success": false, "message": "Required model files not found"}
)

[2026-04-12 13:05:45] Error: Required model files not found
[2026-04-12 13:05:47] Executing command: python "C:\xampp\htdocs\new attendance\attendance-project2/python/realtime_recognition.py" "C:\xampp\htdocs\new attendance\attendance-project2/temp/temp_69db7c8b2b8f6.jpg"
[2026-04-12 13:05:47] Python output: Array
(
    [0] => {"success": false, "message": "Required model files not found"}
)

[2026-04-12 13:05:47] Error: Required model files not found
[2026-04-12 13:05:49] Executing command: python "C:\xampp\htdocs\new attendance\attendance-project2/python/realtime_recognition.py" "C:\xampp\htdocs\new attendance\attendance-project2/temp/temp_69db7c8d2bb47.jpg"
[2026-04-12 13:05:49] Python output: Array
(
    [0] => {"success": false, "message": "Required model files not found"}
)

[2026-04-12 13:05:49] Error: Required model files not found
[2026-04-12 13:05:51] Executing command: python "C:\xampp\htdocs\new attendance\attendance-project2/python/realtime_recognition.py" "C:\xampp\htdocs\new attendance\attendance-project2/temp/temp_69db7c8f2ba82.jpg"
[2026-04-12 13:05:51] Python output: Array
(
    [0] => {"success": false, "message": "Required model files not found"}
)

[2026-04-12 13:05:51] Error: Required model files not found
[2026-04-12 13:05:53] Executing command: python "C:\xampp\htdocs\new attendance\attendance-project2/python/realtime_recognition.py" "C:\xampp\htdocs\new attendance\attendance-project2/temp/temp_69db7c912ddd1.jpg"
[2026-04-12 13:05:53] Python output: Array
(
    [0] => {"success": false, "message": "Required model files not found"}
)

[2026-04-12 13:05:53] Error: Required model files not found
[2026-04-12 13:05:55] Executing command: python "C:\xampp\htdocs\new attendance\attendance-project2/python/realtime_recognition.py" "C:\xampp\htdocs\new attendance\attendance-project2/temp/temp_69db7c932d013.jpg"
[2026-04-12 13:05:55] Python output: Array
(
    [0] => {"success": false, "message": "Required model files not found"}
)

[2026-04-12 13:05:55] Error: Required model files not found
[2026-04-12 13:05:57] Executing command: python "C:\xampp\htdocs\new attendance\attendance-project2/python/realtime_recognition.py" "C:\xampp\htdocs\new attendance\attendance-project2/temp/temp_69db7c952d251.jpg"
[2026-04-12 13:05:57] Python output: Array
(
    [0] => {"success": false, "message": "Required model files not found"}
)

[2026-04-12 13:05:57] Error: Required model files not found
[2026-04-12 13:05:59] Executing command: python "C:\xampp\htdocs\new attendance\attendance-project2/python/realtime_recognition.py" "C:\xampp\htdocs\new attendance\attendance-project2/temp/temp_69db7c972e70e.jpg"
[2026-04-12 13:05:59] Python output: Array
(
    [0] => {"success": false, "message": "Required model files not found"}
)

[2026-04-12 13:05:59] Error: Required model files not found
[2026-04-12 13:06:01] Executing command: python "C:\xampp\htdocs\new attendance\attendance-project2/python/realtime_recognition.py" "C:\xampp\htdocs\new attendance\attendance-project2/temp/temp_69db7c992fc5c.jpg"
[2026-04-12 13:06:01] Python output: Array
(
    [0] => {"success": false, "message": "Required model files not found"}
)

[2026-04-12 13:06:01] Error: Required model files not found
[2026-04-12 13:06:03] Executing command: python "C:\xampp\htdocs\new attendance\attendance-project2/python/realtime_recognition.py" "C:\xampp\htdocs\new attendance\attendance-project2/temp/temp_69db7c9b2d41d.jpg"
[2026-04-12 13:06:03] Python output: Array
(
    [0] => {"success": false, "message": "Required model files not found"}
)

[2026-04-12 13:06:03] Error: Required model files not found
[2026-04-12 13:06:05] Executing command: python "C:\xampp\htdocs\new attendance\attendance-project2/python/realtime_recognition.py" "C:\xampp\htdocs\new attendance\attendance-project2/temp/temp_69db7c9d2da50.jpg"
[2026-04-12 13:06:05] Python output: Array
(
    [0] => {"success": false, "message": "Required model files not found"}
)

[2026-04-12 13:06:05] Error: Required model files not found
[2026-04-12 13:06:07] Executing command: python "C:\xampp\htdocs\new attendance\attendance-project2/python/realtime_recognition.py" "C:\xampp\htdocs\new attendance\attendance-project2/temp/temp_69db7c9f2e58f.jpg"
[2026-04-12 13:06:07] Python output: Array
(
    [0] => {"success": false, "message": "Required model files not found"}
)

[2026-04-12 13:06:07] Error: Required model files not found
[2026-04-12 13:06:09] Executing command: python "C:\xampp\htdocs\new attendance\attendance-project2/python/realtime_recognition.py" "C:\xampp\htdocs\new attendance\attendance-project2/temp/temp_69db7ca12e13f.jpg"
[2026-04-12 13:06:09] Python output: Array
(
    [0] => {"success": false, "message": "Required model files not found"}
)

[2026-04-12 13:06:09] Error: Required model files not found
[2026-04-12 13:06:11] Executing command: python "C:\xampp\htdocs\new attendance\attendance-project2/python/realtime_recognition.py" "C:\xampp\htdocs\new attendance\attendance-project2/temp/temp_69db7ca32cae1.jpg"
[2026-04-12 13:06:11] Python output: Array
(
    [0] => {"success": false, "message": "Required model files not found"}
)

[2026-04-12 13:06:11] Error: Required model files not found
[2026-04-12 13:06:13] Executing command: python "C:\xampp\htdocs\new attendance\attendance-project2/python/realtime_recognition.py" "C:\xampp\htdocs\new attendance\attendance-project2/temp/temp_69db7ca52d3c3.jpg"
[2026-04-12 13:06:13] Python output: Array
(
    [0] => {"success": false, "message": "Required model files not found"}
)

[2026-04-12 13:06:13] Error: Required model files not found
[2026-04-12 13:06:15] Executing command: python "C:\xampp\htdocs\new attendance\attendance-project2/python/realtime_recognition.py" "C:\xampp\htdocs\new attendance\attendance-project2/temp/temp_69db7ca731bd6.jpg"
[2026-04-12 13:06:15] Python output: Array
(
    [0] => {"success": false, "message": "Required model files not found"}
)

[2026-04-12 13:06:15] Error: Required model files not found
[2026-04-12 13:06:17] Executing command: python "C:\xampp\htdocs\new attendance\attendance-project2/python/realtime_recognition.py" "C:\xampp\htdocs\new attendance\attendance-project2/temp/temp_69db7ca92cd04.jpg"
[2026-04-12 13:06:17] Python output: Array
(
    [0] => {"success": false, "message": "Required model files not found"}
)

[2026-04-12 13:06:17] Error: Required model files not found
[2026-04-12 13:06:19] Executing command: python "C:\xampp\htdocs\new attendance\attendance-project2/python/realtime_recognition.py" "C:\xampp\htdocs\new attendance\attendance-project2/temp/temp_69db7cab2defe.jpg"
[2026-04-12 13:06:19] Python output: Array
(
    [0] => {"success": false, "message": "Required model files not found"}
)

[2026-04-12 13:06:19] Error: Required model files not found
[2026-04-12 13:06:21] Executing command: python "C:\xampp\htdocs\new attendance\attendance-project2/python/realtime_recognition.py" "C:\xampp\htdocs\new attendance\attendance-project2/temp/temp_69db7cad2e488.jpg"
[2026-04-12 13:06:21] Python output: Array
(
    [0] => {"success": false, "message": "Required model files not found"}
)

[2026-04-12 13:06:21] Error: Required model files not found
[2026-04-12 13:06:23] Executing command: python "C:\xampp\htdocs\new attendance\attendance-project2/python/realtime_recognition.py" "C:\xampp\htdocs\new attendance\attendance-project2/temp/temp_69db7caf2d0cd.jpg"
[2026-04-12 13:06:23] Python output: Array
(
    [0] => {"success": false, "message": "Required model files not found"}
)

[2026-04-12 13:06:23] Error: Required model files not found
[2026-04-12 13:06:25] Executing command: python "C:\xampp\htdocs\new attendance\attendance-project2/python/realtime_recognition.py" "C:\xampp\htdocs\new attendance\attendance-project2/temp/temp_69db7cb12d748.jpg"
[2026-04-12 13:06:25] Python output: Array
(
    [0] => {"success": false, "message": "Required model files not found"}
)

[2026-04-12 13:06:25] Error: Required model files not found
[2026-04-12 13:06:27] Executing command: python "C:\xampp\htdocs\new attendance\attendance-project2/python/realtime_recognition.py" "C:\xampp\htdocs\new attendance\attendance-project2/temp/temp_69db7cb32c9d6.jpg"
[2026-04-12 13:06:27] Python output: Array
(
    [0] => {"success": false, "message": "Required model files not found"}
)

[2026-04-12 13:06:27] Error: Required model files not found
[2026-04-12 13:06:29] Executing command: python "C:\xampp\htdocs\new attendance\attendance-project2/python/realtime_recognition.py" "C:\xampp\htdocs\new attendance\attendance-project2/temp/temp_69db7cb52db9a.jpg"
[2026-04-12 13:06:29] Python output: Array
(
    [0] => {"success": false, "message": "Required model files not found"}
)

[2026-04-12 13:06:29] Error: Required model files not found
[2026-04-12 13:06:31] Executing command: python "C:\xampp\htdocs\new attendance\attendance-project2/python/realtime_recognition.py" "C:\xampp\htdocs\new attendance\attendance-project2/temp/temp_69db7cb72e02c.jpg"
[2026-04-12 13:06:31] Python output: Array
(
    [0] => {"success": false, "message": "Required model files not found"}
)

[2026-04-12 13:06:31] Error: Required model files not found
[2026-04-12 13:06:33] Executing command: python "C:\xampp\htdocs\new attendance\attendance-project2/python/realtime_recognition.py" "C:\xampp\htdocs\new attendance\attendance-project2/temp/temp_69db7cb92dd9a.jpg"
[2026-04-12 13:06:33] Python output: Array
(
    [0] => {"success": false, "message": "Required model files not found"}
)

[2026-04-12 13:06:33] Error: Required model files not found
[2026-04-12 13:06:35] Executing command: python "C:\xampp\htdocs\new attendance\attendance-project2/python/realtime_recognition.py" "C:\xampp\htdocs\new attendance\attendance-project2/temp/temp_69db7cbb2ed03.jpg"
[2026-04-12 13:06:35] Python output: Array
(
    [0] => {"success": false, "message": "Required model files not found"}
)

[2026-04-12 13:06:35] Error: Required model files not found
[2026-04-12 13:06:37] Executing command: python "C:\xampp\htdocs\new attendance\attendance-project2/python/realtime_recognition.py" "C:\xampp\htdocs\new attendance\attendance-project2/temp/temp_69db7cbd2a145.jpg"
[2026-04-12 13:06:37] Python output: Array
(
    [0] => {"success": false, "message": "Required model files not found"}
)

[2026-04-12 13:06:37] Error: Required model files not found
[2026-04-12 13:06:39] Executing command: python "C:\xampp\htdocs\new attendance\attendance-project2/python/realtime_recognition.py" "C:\xampp\htdocs\new attendance\attendance-project2/temp/temp_69db7cbf2ccd6.jpg"
[2026-04-12 13:06:39] Python output: Array
(
    [0] => {"success": false, "message": "Required model files not found"}
)

[2026-04-12 13:06:39] Error: Required model files not found
[2026-04-12 13:06:40] Executing command: python "C:\xampp\htdocs\new attendance\attendance-project2/python/realtime_recognition.py" "C:\xampp\htdocs\new attendance\attendance-project2/temp/temp_69db7cc07c1d5.jpg"
[2026-04-12 13:06:40] Python output: Array
(
    [0] => {"success": false, "message": "Required model files not found"}
)

[2026-04-12 13:06:40] Error: Required model files not found
[2026-04-12 13:06:41] Executing command: python "C:\xampp\htdocs\new attendance\attendance-project2/python/realtime_recognition.py" "C:\xampp\htdocs\new attendance\attendance-project2/temp/temp_69db7cc1588ea.jpg"
[2026-04-12 13:06:41] Python output: Array
(
    [0] => {"success": false, "message": "Required model files not found"}
)

[2026-04-12 13:06:41] Error: Required model files not found
[2026-04-12 13:06:41] Executing command: python "C:\xampp\htdocs\new attendance\attendance-project2/python/realtime_recognition.py" "C:\xampp\htdocs\new attendance\attendance-project2/temp/temp_69db7cc1d3373.jpg"
[2026-04-12 13:06:42] Python output: Array
(
    [0] => {"success": false, "message": "Required model files not found"}
)

[2026-04-12 13:06:42] Error: Required model files not found
[2026-04-12 13:10:08] Executing command: python "C:\xampp\htdocs\new attendance\attendance-project2/python/realtime_recognition.py" "C:\xampp\htdocs\new attendance\attendance-project2/temp/temp_69db7d9074dd1.jpg"
[2026-04-12 13:10:08] Executing command: python "C:\xampp\htdocs\new attendance\attendance-project2/python/realtime_recognition.py" "C:\xampp\htdocs\new attendance\attendance-project2/temp/temp_69db7d9076df7.jpg"
[2026-04-12 13:10:09] Python output: Array
(
    [0] => {"success": true, "student_id": "Unknown", "confidence": 0, "face_location": {"x": 185, "y": 94, "width": 290, "height": 290}}
)

[2026-04-12 13:10:09] Python output: Array
(
    [0] => {"success": true, "student_id": "Unknown", "confidence": 0, "face_location": {"x": 185, "y": 94, "width": 290, "height": 290}}
)

[2026-04-12 13:10:09] Executing command: python "C:\xampp\htdocs\new attendance\attendance-project2/python/realtime_recognition.py" "C:\xampp\htdocs\new attendance\attendance-project2/temp/temp_69db7d916c57d.jpg"
[2026-04-12 13:10:09] Executing command: python "C:\xampp\htdocs\new attendance\attendance-project2/python/realtime_recognition.py" "C:\xampp\htdocs\new attendance\attendance-project2/temp/temp_69db7d91e94d7.jpg"
[2026-04-12 13:10:10] Python output: Array
(
    [0] => {"success": true, "student_id": "Unknown", "confidence": 0, "face_location": {"x": 187, "y": 94, "width": 290, "height": 290}}
)

[2026-04-12 13:10:10] Executing command: python "C:\xampp\htdocs\new attendance\attendance-project2/python/realtime_recognition.py" "C:\xampp\htdocs\new attendance\attendance-project2/temp/temp_69db7d927a9d1.jpg"
[2026-04-12 13:10:10] Python output: Array
(
    [0] => {"success": true, "student_id": "Unknown", "confidence": 0, "face_location": {"x": 184, "y": 91, "width": 294, "height": 294}}
)

[2026-04-12 13:10:10] Executing command: python "C:\xampp\htdocs\new attendance\attendance-project2/python/realtime_recognition.py" "C:\xampp\htdocs\new attendance\attendance-project2/temp/temp_69db7d92eb4b9.jpg"
[2026-04-12 13:10:11] Python output: Array
(
    [0] => {"success": true, "student_id": "Unknown", "confidence": 0, "face_location": {"x": 185, "y": 90, "width": 291, "height": 291}}
)

[2026-04-12 13:10:11] Executing command: python "C:\xampp\htdocs\new attendance\attendance-project2/python/realtime_recognition.py" "C:\xampp\htdocs\new attendance\attendance-project2/temp/temp_69db7d936d63d.jpg"
[2026-04-12 13:10:11] Python output: Array
(
    [0] => {"success": true, "student_id": "Unknown", "confidence": 0, "face_location": {"x": 174, "y": 89, "width": 301, "height": 301}}
)

[2026-04-12 13:10:11] Executing command: python "C:\xampp\htdocs\new attendance\attendance-project2/python/realtime_recognition.py" "C:\xampp\htdocs\new attendance\attendance-project2/temp/temp_69db7d93ea093.jpg"
[2026-04-12 13:10:12] Python output: Array
(
    [0] => {"success": true, "student_id": "Unknown", "confidence": 0, "face_location": {"x": 174, "y": 86, "width": 310, "height": 310}}
)

[2026-04-12 13:10:12] Executing command: python "C:\xampp\htdocs\new attendance\attendance-project2/python/realtime_recognition.py" "C:\xampp\htdocs\new attendance\attendance-project2/temp/temp_69db7d946f9ea.jpg"
[2026-04-12 13:10:12] Python output: Array
(
    [0] => {"success": true, "student_id": "Unknown", "confidence": 0, "face_location": {"x": 163, "y": 82, "width": 320, "height": 320}}
)

[2026-04-12 13:10:12] Executing command: python "C:\xampp\htdocs\new attendance\attendance-project2/python/realtime_recognition.py" "C:\xampp\htdocs\new attendance\attendance-project2/temp/temp_69db7d94ea1cf.jpg"
[2026-04-12 13:10:13] Python output: Array
(
    [0] => {"success": true, "student_id": "Unknown", "confidence": 0, "face_location": {"x": 158, "y": 77, "width": 327, "height": 327}}
)

[2026-04-12 13:10:13] Executing command: python "C:\xampp\htdocs\new attendance\attendance-project2/python/realtime_recognition.py" "C:\xampp\htdocs\new attendance\attendance-project2/temp/temp_69db7d956f597.jpg"
[2026-04-12 13:10:13] Python output: Array
(
    [0] => {"success": true, "student_id": "Unknown", "confidence": 0, "face_location": {"x": 148, "y": 72, "width": 345, "height": 345}}
)

[2026-04-12 13:10:13] Executing command: python "C:\xampp\htdocs\new attendance\attendance-project2/python/realtime_recognition.py" "C:\xampp\htdocs\new attendance\attendance-project2/temp/temp_69db7d95e8785.jpg"
[2026-04-12 13:10:14] Python output: Array
(
    [0] => {"success": true, "student_id": "Unknown", "confidence": 0, "face_location": {"x": 152, "y": 72, "width": 340, "height": 340}}
)

[2026-04-12 13:10:14] Executing command: python "C:\xampp\htdocs\new attendance\attendance-project2/python/realtime_recognition.py" "C:\xampp\htdocs\new attendance\attendance-project2/temp/temp_69db7d966dafb.jpg"
[2026-04-12 13:10:14] Python output: Array
(
    [0] => {"success": true, "student_id": "Unknown", "confidence": 0, "face_location": {"x": 146, "y": 75, "width": 345, "height": 345}}
)

[2026-04-12 13:10:14] Executing command: python "C:\xampp\htdocs\new attendance\attendance-project2/python/realtime_recognition.py" "C:\xampp\htdocs\new attendance\attendance-project2/temp/temp_69db7d96e75e0.jpg"
[2026-04-12 13:10:15] Python output: Array
(
    [0] => {"success": true, "student_id": "Unknown", "confidence": 0, "face_location": {"x": 147, "y": 73, "width": 351, "height": 351}}
)

[2026-04-12 13:10:15] Executing command: python "C:\xampp\htdocs\new attendance\attendance-project2/python/realtime_recognition.py" "C:\xampp\htdocs\new attendance\attendance-project2/temp/temp_69db7d976d433.jpg"
[2026-04-12 13:10:15] Python output: Array
(
    [0] => {"success": true, "student_id": "Unknown", "confidence": 0, "face_location": {"x": 129, "y": 57, "width": 364, "height": 364}}
)

[2026-04-12 13:10:15] Executing command: python "C:\xampp\htdocs\new attendance\attendance-project2/python/realtime_recognition.py" "C:\xampp\htdocs\new attendance\attendance-project2/temp/temp_69db7d97e7425.jpg"
[2026-04-12 13:10:16] Python output: Array
(
    [0] => {"success": true, "student_id": "Unknown", "confidence": 0, "face_location": {"x": 135, "y": 56, "width": 373, "height": 373}}
)

[2026-04-12 13:10:16] Executing command: python "C:\xampp\htdocs\new attendance\attendance-project2/python/realtime_recognition.py" "C:\xampp\htdocs\new attendance\attendance-project2/temp/temp_69db7d986d81d.jpg"
[2026-04-12 13:10:16] Python output: Array
(
    [0] => {"success": true, "student_id": "Unknown", "confidence": 0, "face_location": {"x": 161, "y": 63, "width": 355, "height": 355}}
)

[2026-04-12 13:10:16] Executing command: python "C:\xampp\htdocs\new attendance\attendance-project2/python/realtime_recognition.py" "C:\xampp\htdocs\new attendance\attendance-project2/temp/temp_69db7d98e8b45.jpg"
[2026-04-12 13:10:17] Python output: Array
(
    [0] => {"success": true, "student_id": "Unknown", "confidence": 0, "face_location": {"x": 155, "y": 56, "width": 365, "height": 365}}
)

[2026-04-12 13:10:17] Executing command: python "C:\xampp\htdocs\new attendance\attendance-project2/python/realtime_recognition.py" "C:\xampp\htdocs\new attendance\attendance-project2/temp/temp_69db7d996e5cd.jpg"
[2026-04-12 13:10:17] Python output: Array
(
    [0] => {"success": true, "student_id": "Unknown", "confidence": 0, "face_location": {"x": 193, "y": 64, "width": 299, "height": 299}}
)

[2026-04-12 13:10:17] Executing command: python "C:\xampp\htdocs\new attendance\attendance-project2/python/realtime_recognition.py" "C:\xampp\htdocs\new attendance\attendance-project2/temp/temp_69db7d99e9013.jpg"
[2026-04-12 13:10:18] Python output: Array
(
    [0] => {"success": true, "student_id": "Unknown", "confidence": 0, "face_location": {"x": 213, "y": 78, "width": 259, "height": 259}}
)

[2026-04-12 13:10:18] Executing command: python "C:\xampp\htdocs\new attendance\attendance-project2/python/realtime_recognition.py" "C:\xampp\htdocs\new attendance\attendance-project2/temp/temp_69db7d9a6d64d.jpg"
[2026-04-12 13:10:18] Python output: Array
(
    [0] => {"success": true, "student_id": "Unknown", "confidence": 0, "face_location": {"x": 213, "y": 83, "width": 260, "height": 260}}
)

[2026-04-12 13:10:18] Executing command: python "C:\xampp\htdocs\new attendance\attendance-project2/python/realtime_recognition.py" "C:\xampp\htdocs\new attendance\attendance-project2/temp/temp_69db7d9ae9b1f.jpg"
[2026-04-12 13:10:19] Python output: Array
(
    [0] => {"success": true, "student_id": "Unknown", "confidence": 0, "face_location": {"x": 202, "y": 86, "width": 266, "height": 266}}
)

[2026-04-12 13:10:19] Executing command: python "C:\xampp\htdocs\new attendance\attendance-project2/python/realtime_recognition.py" "C:\xampp\htdocs\new attendance\attendance-project2/temp/temp_69db7d9b6d636.jpg"
[2026-04-12 13:10:19] Python output: Array
(
    [0] => {"success": true, "student_id": "Unknown", "confidence": 0, "face_location": {"x": 182, "y": 73, "width": 293, "height": 293}}
)

[2026-04-12 13:10:19] Executing command: python "C:\xampp\htdocs\new attendance\attendance-project2/python/realtime_recognition.py" "C:\xampp\htdocs\new attendance\attendance-project2/temp/temp_69db7d9be8d18.jpg"
[2026-04-12 13:10:20] Python output: Array
(
    [0] => {"success": true, "student_id": "Unknown", "confidence": 0, "face_location": {"x": 159, "y": 23, "width": 363, "height": 363}}
)

[2026-04-12 13:10:20] Executing command: python "C:\xampp\htdocs\new attendance\attendance-project2/python/realtime_recognition.py" "C:\xampp\htdocs\new attendance\attendance-project2/temp/temp_69db7d9c6ff7c.jpg"
[2026-04-12 13:10:20] Python output: Array
(
    [0] => {"success": true, "student_id": "Unknown", "confidence": 0, "face_location": {"x": 149, "y": 31, "width": 403, "height": 403}}
)

[2026-04-12 13:10:20] Executing command: python "C:\xampp\htdocs\new attendance\attendance-project2/python/realtime_recognition.py" "C:\xampp\htdocs\new attendance\attendance-project2/temp/temp_69db7d9ce8add.jpg"
[2026-04-12 13:10:21] Python output: Array
(
    [0] => {"success": true, "student_id": "Unknown", "confidence": 0, "face_location": {"x": 130, "y": 24, "width": 433, "height": 433}}
)

[2026-04-12 13:10:21] Executing command: python "C:\xampp\htdocs\new attendance\attendance-project2/python/realtime_recognition.py" "C:\xampp\htdocs\new attendance\attendance-project2/temp/temp_69db7d9d6e07f.jpg"
[2026-04-12 13:10:21] Python output: Array
(
    [0] => {"success": false, "message": "No face detected"}
)

[2026-04-12 13:10:21] Error: No face detected
[2026-04-12 13:10:21] Executing command: python "C:\xampp\htdocs\new attendance\attendance-project2/python/realtime_recognition.py" "C:\xampp\htdocs\new attendance\attendance-project2/temp/temp_69db7d9deac4f.jpg"
[2026-04-12 13:10:22] Python output: Array
(
    [0] => {"success": true, "student_id": "Unknown", "confidence": 0, "face_location": {"x": 142, "y": 42, "width": 411, "height": 411}}
)

[2026-04-12 13:10:22] Executing command: python "C:\xampp\htdocs\new attendance\attendance-project2/python/realtime_recognition.py" "C:\xampp\htdocs\new attendance\attendance-project2/temp/temp_69db7d9e6f7d6.jpg"
[2026-04-12 13:10:22] Python output: Array
(
    [0] => {"success": true, "student_id": "Unknown", "confidence": 0, "face_location": {"x": 137, "y": 29, "width": 414, "height": 414}}
)

[2026-04-12 13:10:22] Executing command: python "C:\xampp\htdocs\new attendance\attendance-project2/python/realtime_recognition.py" "C:\xampp\htdocs\new attendance\attendance-project2/temp/temp_69db7d9ee89a5.jpg"
[2026-04-12 13:10:23] Python output: Array
(
    [0] => {"success": true, "student_id": "Unknown", "confidence": 0, "face_location": {"x": 125, "y": 27, "width": 432, "height": 432}}
)

[2026-04-12 13:10:23] Executing command: python "C:\xampp\htdocs\new attendance\attendance-project2/python/realtime_recognition.py" "C:\xampp\htdocs\new attendance\attendance-project2/temp/temp_69db7d9f6fc20.jpg"
[2026-04-12 13:10:23] Python output: Array
(
    [0] => {"success": true, "student_id": "Unknown", "confidence": 0, "face_location": {"x": 184, "y": 32, "width": 355, "height": 355}}
)

[2026-04-12 13:10:24] Python output: Array
(
    [0] => {"success": false, "message": "No face detected"}
)

[2026-04-12 13:10:24] Error: No face detected
[2026-04-12 13:10:25] Executing command: python "C:\xampp\htdocs\new attendance\attendance-project2/python/realtime_recognition.py" "C:\xampp\htdocs\new attendance\attendance-project2/temp/temp_69db7da12c376.jpg"
[2026-04-12 13:10:25] Python output: Array
(
    [0] => {"success": false, "message": "No face detected"}
)

[2026-04-12 13:10:25] Error: No face detected
[2026-04-12 13:10:26] Executing command: python "C:\xampp\htdocs\new attendance\attendance-project2/python/realtime_recognition.py" "C:\xampp\htdocs\new attendance\attendance-project2/temp/temp_69db7da22c8b4.jpg"
[2026-04-12 13:10:26] Python output: Array
(
    [0] => {"success": false, "message": "No face detected"}
)

[2026-04-12 13:10:26] Error: No face detected
[2026-04-12 13:10:27] Executing command: python "C:\xampp\htdocs\new attendance\attendance-project2/python/realtime_recognition.py" "C:\xampp\htdocs\new attendance\attendance-project2/temp/temp_69db7da32d4bf.jpg"
[2026-04-12 13:10:27] Python output: Array
(
    [0] => {"success": false, "message": "No face detected"}
)

[2026-04-12 13:10:27] Error: No face detected
[2026-04-12 13:10:28] Executing command: python "C:\xampp\htdocs\new attendance\attendance-project2/python/realtime_recognition.py" "C:\xampp\htdocs\new attendance\attendance-project2/temp/temp_69db7da42d543.jpg"
[2026-04-12 13:10:28] Python output: Array
(
    [0] => {"success": false, "message": "No face detected"}
)

[2026-04-12 13:10:28] Error: No face detected
[2026-04-12 13:10:29] Executing command: python "C:\xampp\htdocs\new attendance\attendance-project2/python/realtime_recognition.py" "C:\xampp\htdocs\new attendance\attendance-project2/temp/temp_69db7da52b394.jpg"
[2026-04-12 13:10:29] Python output: Array
(
    [0] => {"success": false, "message": "No face detected"}
)

[2026-04-12 13:10:29] Error: No face detected
[2026-04-12 13:10:30] Executing command: python "C:\xampp\htdocs\new attendance\attendance-project2/python/realtime_recognition.py" "C:\xampp\htdocs\new attendance\attendance-project2/temp/temp_69db7da62d6d4.jpg"
[2026-04-12 13:10:30] Python output: Array
(
    [0] => {"success": false, "message": "No face detected"}
)

[2026-04-12 13:10:30] Error: No face detected
[2026-04-12 13:10:31] Executing command: python "C:\xampp\htdocs\new attendance\attendance-project2/python/realtime_recognition.py" "C:\xampp\htdocs\new attendance\attendance-project2/temp/temp_69db7da72b7ad.jpg"
[2026-04-12 13:10:31] Python output: Array
(
    [0] => {"success": false, "message": "No face detected"}
)

[2026-04-12 13:10:31] Error: No face detected
[2026-04-12 13:10:32] Executing command: python "C:\xampp\htdocs\new attendance\attendance-project2/python/realtime_recognition.py" "C:\xampp\htdocs\new attendance\attendance-project2/temp/temp_69db7da82a51a.jpg"
[2026-04-12 13:10:33] Python output: Array
(
    [0] => {"success": false, "message": "No face detected"}
)

[2026-04-12 13:10:33] Error: No face detected
[2026-04-12 13:10:33] Executing command: python "C:\xampp\htdocs\new attendance\attendance-project2/python/realtime_recognition.py" "C:\xampp\htdocs\new attendance\attendance-project2/temp/temp_69db7da92d055.jpg"
[2026-04-12 13:10:33] Python output: Array
(
    [0] => {"success": false, "message": "No face detected"}
)

[2026-04-12 13:10:33] Error: No face detected
[2026-04-12 13:10:35] Executing command: python "C:\xampp\htdocs\new attendance\attendance-project2/python/realtime_recognition.py" "C:\xampp\htdocs\new attendance\attendance-project2/temp/temp_69db7dab2a743.jpg"
[2026-04-12 13:10:35] Python output: Array
(
    [0] => {"success": false, "message": "No face detected"}
)

[2026-04-12 13:10:35] Error: No face detected
[2026-04-12 13:10:37] Executing command: python "C:\xampp\htdocs\new attendance\attendance-project2/python/realtime_recognition.py" "C:\xampp\htdocs\new attendance\attendance-project2/temp/temp_69db7dad2eeff.jpg"
[2026-04-12 13:10:37] Python output: Array
(
    [0] => {"success": false, "message": "No face detected"}
)

[2026-04-12 13:10:37] Error: No face detected
[2026-04-12 13:10:39] Executing command: python "C:\xampp\htdocs\new attendance\attendance-project2/python/realtime_recognition.py" "C:\xampp\htdocs\new attendance\attendance-project2/temp/temp_69db7daf2de0b.jpg"
[2026-04-12 13:10:39] Python output: Array
(
    [0] => {"success": false, "message": "No face detected"}
)

[2026-04-12 13:10:39] Error: No face detected
[2026-04-12 13:10:41] Executing command: python "C:\xampp\htdocs\new attendance\attendance-project2/python/realtime_recognition.py" "C:\xampp\htdocs\new attendance\attendance-project2/temp/temp_69db7db12d8b9.jpg"
[2026-04-12 13:10:41] Python output: Array
(
    [0] => {"success": false, "message": "No face detected"}
)

[2026-04-12 13:10:41] Error: No face detected
[2026-04-12 13:10:43] Executing command: python "C:\xampp\htdocs\new attendance\attendance-project2/python/realtime_recognition.py" "C:\xampp\htdocs\new attendance\attendance-project2/temp/temp_69db7db32cc7a.jpg"
[2026-04-12 13:10:43] Python output: Array
(
    [0] => {"success": false, "message": "No face detected"}
)

[2026-04-12 13:10:43] Error: No face detected
[2026-04-12 13:10:45] Executing command: python "C:\xampp\htdocs\new attendance\attendance-project2/python/realtime_recognition.py" "C:\xampp\htdocs\new attendance\attendance-project2/temp/temp_69db7db52bde1.jpg"
[2026-04-12 13:10:45] Python output: Array
(
    [0] => {"success": false, "message": "No face detected"}
)

[2026-04-12 13:10:45] Error: No face detected
[2026-04-12 13:10:47] Executing command: python "C:\xampp\htdocs\new attendance\attendance-project2/python/realtime_recognition.py" "C:\xampp\htdocs\new attendance\attendance-project2/temp/temp_69db7db72cc0f.jpg"
[2026-04-12 13:10:47] Python output: Array
(
    [0] => {"success": false, "message": "No face detected"}
)

[2026-04-12 13:10:47] Error: No face detected
[2026-04-12 13:10:49] Executing command: python "C:\xampp\htdocs\new attendance\attendance-project2/python/realtime_recognition.py" "C:\xampp\htdocs\new attendance\attendance-project2/temp/temp_69db7db92dc74.jpg"
[2026-04-12 13:10:50] Python output: Array
(
    [0] => {"success": false, "message": "No face detected"}
)

[2026-04-12 13:10:50] Error: No face detected
[2026-04-12 13:10:50] Executing command: python "C:\xampp\htdocs\new attendance\attendance-project2/python/realtime_recognition.py" "C:\xampp\htdocs\new attendance\attendance-project2/temp/temp_69db7dba610f9.jpg"
[2026-04-12 13:10:51] Python output: Array
(
    [0] => {"success": false, "message": "No face detected"}
)

[2026-04-12 13:10:51] Error: No face detected
[2026-04-12 13:10:51] Executing command: python "C:\xampp\htdocs\new attendance\attendance-project2/python/realtime_recognition.py" "C:\xampp\htdocs\new attendance\attendance-project2/temp/temp_69db7dbb6c88d.jpg"
[2026-04-12 13:10:52] Executing command: python "C:\xampp\htdocs\new attendance\attendance-project2/python/realtime_recognition.py" "C:\xampp\htdocs\new attendance\attendance-project2/temp/temp_69db7dbc26d02.jpg"
[2026-04-12 13:10:52] Python output: Array
(
    [0] => {"success": false, "message": "No face detected"}
)

[2026-04-12 13:10:52] Error: No face detected
[2026-04-12 13:10:52] Executing command: python "C:\xampp\htdocs\new attendance\attendance-project2/python/realtime_recognition.py" "C:\xampp\htdocs\new attendance\attendance-project2/temp/temp_69db7dbca26e9.jpg"
[2026-04-12 13:10:52] Python output: Array
(
    [0] => {"success": true, "student_id": "Unknown", "confidence": 0, "face_location": {"x": 197, "y": 38, "width": 237, "height": 237}}
)

[2026-04-12 13:10:53] Executing command: python "C:\xampp\htdocs\new attendance\attendance-project2/python/realtime_recognition.py" "C:\xampp\htdocs\new attendance\attendance-project2/temp/temp_69db7dbd268c7.jpg"
[2026-04-12 13:10:53] Python output: Array
(
    [0] => {"success": true, "student_id": "Unknown", "confidence": 0, "face_location": {"x": 196, "y": 42, "width": 235, "height": 235}}
)

[2026-04-12 13:10:53] Executing command: python "C:\xampp\htdocs\new attendance\attendance-project2/python/realtime_recognition.py" "C:\xampp\htdocs\new attendance\attendance-project2/temp/temp_69db7dbda071b.jpg"
[2026-04-12 13:10:53] Python output: Array
(
    [0] => {"success": true, "student_id": "Unknown", "confidence": 0, "face_location": {"x": 197, "y": 42, "width": 235, "height": 235}}
)

[2026-04-12 13:10:54] Executing command: python "C:\xampp\htdocs\new attendance\attendance-project2/python/realtime_recognition.py" "C:\xampp\htdocs\new attendance\attendance-project2/temp/temp_69db7dbe26f79.jpg"
[2026-04-12 13:10:54] Python output: Array
(
    [0] => {"success": true, "student_id": "Unknown", "confidence": 0, "face_location": {"x": 195, "y": 42, "width": 236, "height": 236}}
)

[2026-04-12 13:10:54] Executing command: python "C:\xampp\htdocs\new attendance\attendance-project2/python/realtime_recognition.py" "C:\xampp\htdocs\new attendance\attendance-project2/temp/temp_69db7dbea0100.jpg"
[2026-04-12 13:10:54] Python output: Array
(
    [0] => {"success": true, "student_id": "Unknown", "confidence": 0, "face_location": {"x": 197, "y": 41, "width": 233, "height": 233}}
)

[2026-04-12 13:10:55] Executing command: python "C:\xampp\htdocs\new attendance\attendance-project2/python/realtime_recognition.py" "C:\xampp\htdocs\new attendance\attendance-project2/temp/temp_69db7dbf289c9.jpg"
[2026-04-12 13:10:55] Python output: Array
(
    [0] => {"success": true, "student_id": "Unknown", "confidence": 0, "face_location": {"x": 182, "y": 46, "width": 231, "height": 231}}
)

[2026-04-12 13:10:55] Executing command: python "C:\xampp\htdocs\new attendance\attendance-project2/python/realtime_recognition.py" "C:\xampp\htdocs\new attendance\attendance-project2/temp/temp_69db7dbfa0ae2.jpg"
[2026-04-12 13:10:55] Python output: Array
(
    [0] => {"success": true, "student_id": "Unknown", "confidence": 0, "face_location": {"x": 187, "y": 46, "width": 234, "height": 234}}
)

[2026-04-12 13:10:56] Executing command: python "C:\xampp\htdocs\new attendance\attendance-project2/python/realtime_recognition.py" "C:\xampp\htdocs\new attendance\attendance-project2/temp/temp_69db7dc028bf9.jpg"
[2026-04-12 13:10:56] Python output: Array
(
    [0] => {"success": true, "student_id": "Unknown", "confidence": 0, "face_location": {"x": 187, "y": 47, "width": 244, "height": 244}}
)

[2026-04-12 13:10:56] Executing command: python "C:\xampp\htdocs\new attendance\attendance-project2/python/realtime_recognition.py" "C:\xampp\htdocs\new attendance\attendance-project2/temp/temp_69db7dc09f510.jpg"
[2026-04-12 13:10:56] Python output: Array
(
    [0] => {"success": true, "student_id": "Unknown", "confidence": 0, "face_location": {"x": 175, "y": 41, "width": 268, "height": 268}}
)

[2026-04-12 13:10:57] Executing command: python "C:\xampp\htdocs\new attendance\attendance-project2/python/realtime_recognition.py" "C:\xampp\htdocs\new attendance\attendance-project2/temp/temp_69db7dc12a786.jpg"
[2026-04-12 13:10:57] Python output: Array
(
    [0] => {"success": true, "student_id": "Unknown", "confidence": 0, "face_location": {"x": 216, "y": 90, "width": 162, "height": 162}}
)

[2026-04-12 13:10:57] Executing command: python "C:\xampp\htdocs\new attendance\attendance-project2/python/realtime_recognition.py" "C:\xampp\htdocs\new attendance\attendance-project2/temp/temp_69db7dc1a0983.jpg"
[2026-04-12 13:10:58] Python output: Array
(
    [0] => {"success": true, "student_id": "Unknown", "confidence": 0, "face_location": {"x": 22, "y": 92, "width": 139, "height": 139}}
)

[2026-04-12 13:10:58] Executing command: python "C:\xampp\htdocs\new attendance\attendance-project2/python/realtime_recognition.py" "C:\xampp\htdocs\new attendance\attendance-project2/temp/temp_69db7dc226c2b.jpg"
[2026-04-12 13:10:58] Python output: Array
(
    [0] => {"success": true, "student_id": "Unknown", "confidence": 0, "face_location": {"x": 128, "y": 37, "width": 368, "height": 368}}
)

[2026-04-12 13:10:58] Executing command: python "C:\xampp\htdocs\new attendance\attendance-project2/python/realtime_recognition.py" "C:\xampp\htdocs\new attendance\attendance-project2/temp/temp_69db7dc2a547d.jpg"
[2026-04-12 13:10:58] Python output: Array
(
    [0] => {"success": true, "student_id": "Unknown", "confidence": 0, "face_location": {"x": 126, "y": 38, "width": 364, "height": 364}}
)

[2026-04-12 13:10:59] Executing command: python "C:\xampp\htdocs\new attendance\attendance-project2/python/realtime_recognition.py" "C:\xampp\htdocs\new attendance\attendance-project2/temp/temp_69db7dc327509.jpg"
[2026-04-12 13:10:59] Python output: Array
(
    [0] => {"success": true, "student_id": "Unknown", "confidence": 0, "face_location": {"x": 131, "y": 49, "width": 354, "height": 354}}
)

[2026-04-12 13:10:59] Executing command: python "C:\xampp\htdocs\new attendance\attendance-project2/python/realtime_recognition.py" "C:\xampp\htdocs\new attendance\attendance-project2/temp/temp_69db7dc3a0f31.jpg"
[2026-04-12 13:10:59] Python output: Array
(
    [0] => {"success": true, "student_id": "Unknown", "confidence": 0, "face_location": {"x": 135, "y": 48, "width": 351, "height": 351}}
)

[2026-04-12 13:11:00] Executing command: python "C:\xampp\htdocs\new attendance\attendance-project2/python/realtime_recognition.py" "C:\xampp\htdocs\new attendance\attendance-project2/temp/temp_69db7dc42671a.jpg"
[2026-04-12 13:11:00] Python output: Array
(
    [0] => {"success": true, "student_id": "Unknown", "confidence": 0, "face_location": {"x": 129, "y": 37, "width": 357, "height": 357}}
)

[2026-04-12 13:11:00] Executing command: python "C:\xampp\htdocs\new attendance\attendance-project2/python/realtime_recognition.py" "C:\xampp\htdocs\new attendance\attendance-project2/temp/temp_69db7dc4a246e.jpg"
[2026-04-12 13:11:00] Python output: Array
(
    [0] => {"success": true, "student_id": "Unknown", "confidence": 0, "face_location": {"x": 109, "y": 22, "width": 399, "height": 399}}
)

[2026-04-12 13:11:01] Executing command: python "C:\xampp\htdocs\new attendance\attendance-project2/python/realtime_recognition.py" "C:\xampp\htdocs\new attendance\attendance-project2/temp/temp_69db7dc527e1d.jpg"
[2026-04-12 13:11:01] Python output: Array
(
    [0] => {"success": true, "student_id": "Unknown", "confidence": 0, "face_location": {"x": 103, "y": 36, "width": 409, "height": 409}}
)

[2026-04-12 13:11:01] Executing command: python "C:\xampp\htdocs\new attendance\attendance-project2/python/realtime_recognition.py" "C:\xampp\htdocs\new attendance\attendance-project2/temp/temp_69db7dc5a1797.jpg"
[2026-04-12 13:11:01] Python output: Array
(
    [0] => {"success": true, "student_id": "Unknown", "confidence": 0, "face_location": {"x": 100, "y": 53, "width": 410, "height": 410}}
)

[2026-04-12 13:11:02] Executing command: python "C:\xampp\htdocs\new attendance\attendance-project2/python/realtime_recognition.py" "C:\xampp\htdocs\new attendance\attendance-project2/temp/temp_69db7dc62669b.jpg"
[2026-04-12 13:11:02] Python output: Array
(
    [0] => {"success": true, "student_id": "Unknown", "confidence": 0, "face_location": {"x": 94, "y": 51, "width": 425, "height": 425}}
)

[2026-04-12 13:11:02] Executing command: python "C:\xampp\htdocs\new attendance\attendance-project2/python/realtime_recognition.py" "C:\xampp\htdocs\new attendance\attendance-project2/temp/temp_69db7dc6a14bc.jpg"
[2026-04-12 13:11:02] Python output: Array
(
    [0] => {"success": false, "message": "No face detected"}
)

[2026-04-12 13:11:02] Error: No face detected
[2026-04-12 13:11:03] Executing command: python "C:\xampp\htdocs\new attendance\attendance-project2/python/realtime_recognition.py" "C:\xampp\htdocs\new attendance\attendance-project2/temp/temp_69db7dc72622e.jpg"
[2026-04-12 13:11:03] Python output: Array
(
    [0] => {"success": false, "message": "No face detected"}
)

[2026-04-12 13:11:03] Error: No face detected
[2026-04-12 13:11:03] Executing command: python "C:\xampp\htdocs\new attendance\attendance-project2/python/realtime_recognition.py" "C:\xampp\htdocs\new attendance\attendance-project2/temp/temp_69db7dc7a02ad.jpg"
[2026-04-12 13:11:03] Python output: Array
(
    [0] => {"success": true, "student_id": "Unknown", "confidence": 0, "face_location": {"x": 62, "y": 70, "width": 52, "height": 52}}
)

[2026-04-12 13:11:04] Executing command: python "C:\xampp\htdocs\new attendance\attendance-project2/python/realtime_recognition.py" "C:\xampp\htdocs\new attendance\attendance-project2/temp/temp_69db7dc826c5e.jpg"
[2026-04-12 13:11:04] Python output: Array
(
    [0] => {"success": true, "student_id": "Unknown", "confidence": 0, "face_location": {"x": 105, "y": 63, "width": 398, "height": 398}}
)

[2026-04-12 13:11:04] Executing command: python "C:\xampp\htdocs\new attendance\attendance-project2/python/realtime_recognition.py" "C:\xampp\htdocs\new attendance\attendance-project2/temp/temp_69db7dc8a031e.jpg"
[2026-04-12 13:11:04] Python output: Array
(
    [0] => {"success": true, "student_id": "Unknown", "confidence": 0, "face_location": {"x": 102, "y": 59, "width": 403, "height": 403}}
)

[2026-04-12 13:11:05] Executing command: python "C:\xampp\htdocs\new attendance\attendance-project2/python/realtime_recognition.py" "C:\xampp\htdocs\new attendance\attendance-project2/temp/temp_69db7dc926736.jpg"
[2026-04-12 13:11:05] Python output: Array
(
    [0] => {"success": true, "student_id": "Unknown", "confidence": 0, "face_location": {"x": 108, "y": 29, "width": 411, "height": 411}}
)

[2026-04-12 13:11:05] Executing command: python "C:\xampp\htdocs\new attendance\attendance-project2/python/realtime_recognition.py" "C:\xampp\htdocs\new attendance\attendance-project2/temp/temp_69db7dc99fb7a.jpg"
[2026-04-12 13:11:05] Python output: Array
(
    [0] => {"success": true, "student_id": "Unknown", "confidence": 0, "face_location": {"x": 299, "y": 367, "width": 76, "height": 76}}
)

[2026-04-12 13:11:06] Executing command: python "C:\xampp\htdocs\new attendance\attendance-project2/python/realtime_recognition.py" "C:\xampp\htdocs\new attendance\attendance-project2/temp/temp_69db7dca26ace.jpg"
[2026-04-12 13:11:06] Python output: Array
(
    [0] => {"success": true, "student_id": "Unknown", "confidence": 0, "face_location": {"x": 234, "y": 125, "width": 182, "height": 182}}
)

[2026-04-12 13:11:06] Executing command: python "C:\xampp\htdocs\new attendance\attendance-project2/python/realtime_recognition.py" "C:\xampp\htdocs\new attendance\attendance-project2/temp/temp_69db7dcaa2918.jpg"
[2026-04-12 13:11:07] Python output: Array
(
    [0] => {"success": true, "student_id": "Unknown", "confidence": 0, "face_location": {"x": 244, "y": 131, "width": 160, "height": 160}}
)

[2026-04-12 13:11:07] Executing command: python "C:\xampp\htdocs\new attendance\attendance-project2/python/realtime_recognition.py" "C:\xampp\htdocs\new attendance\attendance-project2/temp/temp_69db7dcb26e95.jpg"
[2026-04-12 13:11:07] Python output: Array
(
    [0] => {"success": false, "message": "No face detected"}
)

[2026-04-12 13:11:07] Error: No face detected
[2026-04-12 13:11:07] Executing command: python "C:\xampp\htdocs\new attendance\attendance-project2/python/realtime_recognition.py" "C:\xampp\htdocs\new attendance\attendance-project2/temp/temp_69db7dcba16de.jpg"
[2026-04-12 13:11:07] Python output: Array
(
    [0] => {"success": false, "message": "No face detected"}
)

[2026-04-12 13:11:07] Error: No face detected
[2026-04-12 13:11:08] Executing command: python "C:\xampp\htdocs\new attendance\attendance-project2/python/realtime_recognition.py" "C:\xampp\htdocs\new attendance\attendance-project2/temp/temp_69db7dcc26c29.jpg"
[2026-04-12 13:11:08] Python output: Array
(
    [0] => {"success": true, "student_id": "Unknown", "confidence": 0, "face_location": {"x": 177, "y": 106, "width": 201, "height": 201}}
)

[2026-04-12 13:11:08] Executing command: python "C:\xampp\htdocs\new attendance\attendance-project2/python/realtime_recognition.py" "C:\xampp\htdocs\new attendance\attendance-project2/temp/temp_69db7dcca2663.jpg"
[2026-04-12 13:11:08] Python output: Array
(
    [0] => {"success": true, "student_id": "Unknown", "confidence": 0, "face_location": {"x": 231, "y": 133, "width": 203, "height": 203}}
)

[2026-04-12 13:11:09] Python output: Array
(
    [0] => {"success": true, "student_id": "Unknown", "confidence": 0, "face_location": {"x": 232, "y": 132, "width": 192, "height": 192}}
)

[2026-04-12 13:11:09] Executing command: python "C:\xampp\htdocs\new attendance\attendance-project2/python/realtime_recognition.py" "C:\xampp\htdocs\new attendance\attendance-project2/temp/temp_69db7dcd6626c.jpg"
[2026-04-12 13:11:09] Executing command: python "C:\xampp\htdocs\new attendance\attendance-project2/python/realtime_recognition.py" "C:\xampp\htdocs\new attendance\attendance-project2/temp/temp_69db7dcd9fc97.jpg"
[2026-04-12 13:11:10] Python output: Array
(
    [0] => {"success": true, "student_id": "Unknown", "confidence": 0, "face_location": {"x": 210, "y": 125, "width": 203, "height": 203}}
)

[2026-04-12 13:11:10] Python output: Array
(
    [0] => {"success": true, "student_id": "Unknown", "confidence": 0, "face_location": {"x": 165, "y": 147, "width": 193, "height": 193}}
)

[2026-04-12 13:11:10] Executing command: python "C:\xampp\htdocs\new attendance\attendance-project2/python/realtime_recognition.py" "C:\xampp\htdocs\new attendance\attendance-project2/temp/temp_69db7dcea1ce7.jpg"
[2026-04-12 13:11:10] Executing command: python "C:\xampp\htdocs\new attendance\attendance-project2/python/realtime_recognition.py" "C:\xampp\htdocs\new attendance\attendance-project2/temp/temp_69db7dcea385e.jpg"
[2026-04-12 13:11:11] Python output: Array
(
    [0] => {"success": true, "student_id": "Unknown", "confidence": 0, "face_location": {"x": 166, "y": 150, "width": 179, "height": 179}}
)

[2026-04-12 13:11:13] Executing command: python "C:\xampp\htdocs\new attendance\attendance-project2/python/realtime_recognition.py" "C:\xampp\htdocs\new attendance\attendance-project2/temp/temp_69db7dd127a1a.jpg"
[2026-04-12 13:11:13] Executing command: python "C:\xampp\htdocs\new attendance\attendance-project2/python/realtime_recognition.py" "C:\xampp\htdocs\new attendance\attendance-project2/temp/temp_69db7dd129c02.jpg"
[2026-04-12 13:11:13] Python output: Array
(
    [0] => {"success": true, "student_id": "Unknown", "confidence": 0, "face_location": {"x": 207, "y": 177, "width": 187, "height": 187}}
)

[2026-04-12 13:11:14] Python output: Array
(
    [0] => {"success": true, "student_id": "Unknown", "confidence": 0, "face_location": {"x": 207, "y": 177, "width": 187, "height": 187}}
)

[2026-04-12 13:11:14] Executing command: python "C:\xampp\htdocs\new attendance\attendance-project2/python/realtime_recognition.py" "C:\xampp\htdocs\new attendance\attendance-project2/temp/temp_69db7dd22bc11.jpg"
[2026-04-12 13:11:14] Executing command: python "C:\xampp\htdocs\new attendance\attendance-project2/python/realtime_recognition.py" "C:\xampp\htdocs\new attendance\attendance-project2/temp/temp_69db7dd22d1f2.jpg"
[2026-04-12 13:11:15] Python output: Array
(
    [0] => {"success": true, "student_id": "Unknown", "confidence": 0, "face_location": {"x": 192, "y": 175, "width": 193, "height": 193}}
)

[2026-04-12 13:11:15] Python output: Array
(
    [0] => {"success": true, "student_id": "Unknown", "confidence": 0, "face_location": {"x": 192, "y": 175, "width": 193, "height": 193}}
)

[2026-04-12 13:11:15] Executing command: python "C:\xampp\htdocs\new attendance\attendance-project2/python/realtime_recognition.py" "C:\xampp\htdocs\new attendance\attendance-project2/temp/temp_69db7dd32a420.jpg"
[2026-04-12 13:11:15] Executing command: python "C:\xampp\htdocs\new attendance\attendance-project2/python/realtime_recognition.py" "C:\xampp\htdocs\new attendance\attendance-project2/temp/temp_69db7dd32c701.jpg"
[2026-04-12 13:11:15] Python output: Array
(
    [0] => {"success": true, "student_id": "Unknown", "confidence": 0, "face_location": {"x": 193, "y": 179, "width": 188, "height": 188}}
)

[2026-04-12 13:11:15] Python output: Array
(
    [0] => {"success": true, "student_id": "Unknown", "confidence": 0, "face_location": {"x": 193, "y": 179, "width": 188, "height": 188}}
)

[2026-04-12 13:11:16] Executing command: python "C:\xampp\htdocs\new attendance\attendance-project2/python/realtime_recognition.py" "C:\xampp\htdocs\new attendance\attendance-project2/temp/temp_69db7dd429a6b.jpg"
[2026-04-12 13:11:16] Executing command: python "C:\xampp\htdocs\new attendance\attendance-project2/python/realtime_recognition.py" "C:\xampp\htdocs\new attendance\attendance-project2/temp/temp_69db7dd42c106.jpg"
[2026-04-12 13:11:17] Python output: Array
(
    [0] => {"success": true, "student_id": "Unknown", "confidence": 0, "face_location": {"x": 195, "y": 179, "width": 188, "height": 188}}
)

[2026-04-12 13:11:17] Python output: Array
(
    [0] => {"success": true, "student_id": "Unknown", "confidence": 0, "face_location": {"x": 195, "y": 179, "width": 188, "height": 188}}
)

[2026-04-12 13:11:17] Executing command: python "C:\xampp\htdocs\new attendance\attendance-project2/python/realtime_recognition.py" "C:\xampp\htdocs\new attendance\attendance-project2/temp/temp_69db7dd528d8a.jpg"
[2026-04-12 13:11:17] Executing command: python "C:\xampp\htdocs\new attendance\attendance-project2/python/realtime_recognition.py" "C:\xampp\htdocs\new attendance\attendance-project2/temp/temp_69db7dd52a79e.jpg"
[2026-04-12 13:11:18] Python output: Array
(
    [0] => {"success": true, "student_id": "Unknown", "confidence": 0, "face_location": {"x": 202, "y": 182, "width": 184, "height": 184}}
)

[2026-04-12 13:11:18] Python output: Array
(
    [0] => {"success": true, "student_id": "Unknown", "confidence": 0, "face_location": {"x": 202, "y": 182, "width": 184, "height": 184}}
)

[2026-04-12 13:11:18] Executing command: python "C:\xampp\htdocs\new attendance\attendance-project2/python/realtime_recognition.py" "C:\xampp\htdocs\new attendance\attendance-project2/temp/temp_69db7dd627683.jpg"
[2026-04-12 13:11:18] Executing command: python "C:\xampp\htdocs\new attendance\attendance-project2/python/realtime_recognition.py" "C:\xampp\htdocs\new attendance\attendance-project2/temp/temp_69db7dd627db7.jpg"
[2026-04-12 13:11:19] Python output: Array
(
    [0] => {"success": true, "student_id": "Unknown", "confidence": 0, "face_location": {"x": 202, "y": 173, "width": 186, "height": 186}}
)

[2026-04-12 13:11:19] Python output: Array
(
    [0] => {"success": true, "student_id": "Unknown", "confidence": 0, "face_location": {"x": 202, "y": 173, "width": 186, "height": 186}}
)

[2026-04-12 13:11:19] Executing command: python "C:\xampp\htdocs\new attendance\attendance-project2/python/realtime_recognition.py" "C:\xampp\htdocs\new attendance\attendance-project2/temp/temp_69db7dd7259b9.jpg"
[2026-04-12 13:11:19] Executing command: python "C:\xampp\htdocs\new attendance\attendance-project2/python/realtime_recognition.py" "C:\xampp\htdocs\new attendance\attendance-project2/temp/temp_69db7dd728839.jpg"
[2026-04-12 13:11:19] Python output: Array
(
    [0] => {"success": true, "student_id": "Unknown", "confidence": 0, "face_location": {"x": 152, "y": 92, "width": 249, "height": 249}}
)

[2026-04-12 13:11:19] Python output: Array
(
    [0] => {"success": true, "student_id": "Unknown", "confidence": 0, "face_location": {"x": 152, "y": 92, "width": 249, "height": 249}}
)

[2026-04-12 13:11:20] Executing command: python "C:\xampp\htdocs\new attendance\attendance-project2/python/realtime_recognition.py" "C:\xampp\htdocs\new attendance\attendance-project2/temp/temp_69db7dd8291ac.jpg"
[2026-04-12 13:11:20] Executing command: python "C:\xampp\htdocs\new attendance\attendance-project2/python/realtime_recognition.py" "C:\xampp\htdocs\new attendance\attendance-project2/temp/temp_69db7dd82a820.jpg"
[2026-04-12 13:11:21] Python output: Array
(
    [0] => {"success": true, "student_id": "Unknown", "confidence": 0, "face_location": {"x": 162, "y": 96, "width": 247, "height": 247}}
)

[2026-04-12 13:11:21] Python output: Array
(
    [0] => {"success": true, "student_id": "Unknown", "confidence": 0, "face_location": {"x": 162, "y": 96, "width": 247, "height": 247}}
)

[2026-04-12 13:11:21] Executing command: python "C:\xampp\htdocs\new attendance\attendance-project2/python/realtime_recognition.py" "C:\xampp\htdocs\new attendance\attendance-project2/temp/temp_69db7dd9ddf30.jpg"
[2026-04-12 13:11:21] Executing command: python "C:\xampp\htdocs\new attendance\attendance-project2/python/realtime_recognition.py" "C:\xampp\htdocs\new attendance\attendance-project2/temp/temp_69db7dd9df6e6.jpg"
[2026-04-12 13:11:22] Python output: Array
(
    [0] => {"success": true, "student_id": "Unknown", "confidence": 0, "face_location": {"x": 158, "y": 96, "width": 256, "height": 256}}
)

[2026-04-12 13:11:22] Python output: Array
(
    [0] => {"success": true, "student_id": "Unknown", "confidence": 0, "face_location": {"x": 158, "y": 96, "width": 256, "height": 256}}
)

[2026-04-12 13:11:22] Executing command: python "C:\xampp\htdocs\new attendance\attendance-project2/python/realtime_recognition.py" "C:\xampp\htdocs\new attendance\attendance-project2/temp/temp_69db7ddadadf5.jpg"
[2026-04-12 13:11:22] Executing command: python "C:\xampp\htdocs\new attendance\attendance-project2/python/realtime_recognition.py" "C:\xampp\htdocs\new attendance\attendance-project2/temp/temp_69db7ddadec11.jpg"
[2026-04-12 13:11:23] Python output: Array
(
    [0] => {"success": true, "student_id": "Unknown", "confidence": 0, "face_location": {"x": 161, "y": 95, "width": 259, "height": 259}}
)

[2026-04-12 13:11:23] Python output: Array
(
    [0] => {"success": true, "student_id": "Unknown", "confidence": 0, "face_location": {"x": 161, "y": 95, "width": 259, "height": 259}}
)

[2026-04-12 13:11:23] Executing command: python "C:\xampp\htdocs\new attendance\attendance-project2/python/realtime_recognition.py" "C:\xampp\htdocs\new attendance\attendance-project2/temp/temp_69db7ddbdc9c3.jpg"
[2026-04-12 13:11:23] Executing command: python "C:\xampp\htdocs\new attendance\attendance-project2/python/realtime_recognition.py" "C:\xampp\htdocs\new attendance\attendance-project2/temp/temp_69db7ddbde306.jpg"
[2026-04-12 13:11:24] Python output: Array
(
    [0] => {"success": true, "student_id": "Unknown", "confidence": 0, "face_location": {"x": 166, "y": 96, "width": 255, "height": 255}}
)

[2026-04-12 13:11:24] Python output: Array
(
    [0] => {"success": true, "student_id": "Unknown", "confidence": 0, "face_location": {"x": 166, "y": 96, "width": 255, "height": 255}}
)

[2026-04-12 13:11:24] Executing command: python "C:\xampp\htdocs\new attendance\attendance-project2/python/realtime_recognition.py" "C:\xampp\htdocs\new attendance\attendance-project2/temp/temp_69db7ddcd92bf.jpg"
[2026-04-12 13:11:24] Executing command: python "C:\xampp\htdocs\new attendance\attendance-project2/python/realtime_recognition.py" "C:\xampp\htdocs\new attendance\attendance-project2/temp/temp_69db7ddcda1b0.jpg"
[2026-04-12 13:11:25] Python output: Array
(
    [0] => {"success": true, "student_id": "Unknown", "confidence": 0, "face_location": {"x": 171, "y": 98, "width": 248, "height": 248}}
)

[2026-04-12 13:11:25] Python output: Array
(
    [0] => {"success": true, "student_id": "Unknown", "confidence": 0, "face_location": {"x": 171, "y": 98, "width": 248, "height": 248}}
)

[2026-04-12 13:11:25] Executing command: python "C:\xampp\htdocs\new attendance\attendance-project2/python/realtime_recognition.py" "C:\xampp\htdocs\new attendance\attendance-project2/temp/temp_69db7ddddb878.jpg"
[2026-04-12 13:11:25] Executing command: python "C:\xampp\htdocs\new attendance\attendance-project2/python/realtime_recognition.py" "C:\xampp\htdocs\new attendance\attendance-project2/temp/temp_69db7ddddded5.jpg"
[2026-04-12 13:11:26] Python output: Array
(
    [0] => {"success": true, "student_id": "Unknown", "confidence": 0, "face_location": {"x": 155, "y": 95, "width": 286, "height": 286}}
)

[2026-04-12 13:11:26] Python output: Array
(
    [0] => {"success": true, "student_id": "Unknown", "confidence": 0, "face_location": {"x": 155, "y": 95, "width": 286, "height": 286}}
)

[2026-04-12 13:11:26] Executing command: python "C:\xampp\htdocs\new attendance\attendance-project2/python/realtime_recognition.py" "C:\xampp\htdocs\new attendance\attendance-project2/temp/temp_69db7ddedd083.jpg"
[2026-04-12 13:11:26] Executing command: python "C:\xampp\htdocs\new attendance\attendance-project2/python/realtime_recognition.py" "C:\xampp\htdocs\new attendance\attendance-project2/temp/temp_69db7ddede9a7.jpg"
[2026-04-12 13:11:27] Python output: Array
(
    [0] => {"success": true, "student_id": "Unknown", "confidence": 0, "face_location": {"x": 166, "y": 93, "width": 272, "height": 272}}
)

[2026-04-12 13:11:27] Executing command: python "C:\xampp\htdocs\new attendance\attendance-project2/python/realtime_recognition.py" "C:\xampp\htdocs\new attendance\attendance-project2/temp/temp_69db7ddfdc9bb.jpg"
[2026-04-12 13:11:27] Executing command: python "C:\xampp\htdocs\new attendance\attendance-project2/python/realtime_recognition.py" "C:\xampp\htdocs\new attendance\attendance-project2/temp/temp_69db7ddfde0f7.jpg"
[2026-04-12 13:11:28] Python output: Array
(
    [0] => {"success": true, "student_id": "Unknown", "confidence": 0, "face_location": {"x": 173, "y": 87, "width": 267, "height": 267}}
)

[2026-04-12 13:11:28] Python output: Array
(
    [0] => {"success": true, "student_id": "Unknown", "confidence": 0, "face_location": {"x": 173, "y": 87, "width": 267, "height": 267}}
)

[2026-04-12 13:11:28] Executing command: python "C:\xampp\htdocs\new attendance\attendance-project2/python/realtime_recognition.py" "C:\xampp\htdocs\new attendance\attendance-project2/temp/temp_69db7de0dab68.jpg"
[2026-04-12 13:11:28] Executing command: python "C:\xampp\htdocs\new attendance\attendance-project2/python/realtime_recognition.py" "C:\xampp\htdocs\new attendance\attendance-project2/temp/temp_69db7de0dcd90.jpg"
[2026-04-12 13:11:29] Python output: Array
(
    [0] => {"success": true, "student_id": "Unknown", "confidence": 0, "face_location": {"x": 183, "y": 87, "width": 267, "height": 267}}
)

[2026-04-12 13:11:54] Executing command: python "C:\xampp\htdocs\new attendance\attendance-project2/python/realtime_recognition.py" "C:\xampp\htdocs\new attendance\attendance-project2/temp/temp_69db7dfa01804.jpg"
[2026-04-12 13:11:54] Executing command: python "C:\xampp\htdocs\new attendance\attendance-project2/python/realtime_recognition.py" "C:\xampp\htdocs\new attendance\attendance-project2/temp/temp_69db7dfa03e46.jpg"
[2026-04-12 13:11:54] Python output: Array
(
    [0] => {"success": true, "student_id": "Unknown", "confidence": 0, "face_location": {"x": 149, "y": 145, "width": 296, "height": 296}}
)

[2026-04-12 13:11:54] Python output: Array
(
    [0] => {"success": true, "student_id": "Unknown", "confidence": 0, "face_location": {"x": 149, "y": 145, "width": 296, "height": 296}}
)

[2026-04-12 13:11:54] Executing command: python "C:\xampp\htdocs\new attendance\attendance-project2/python/realtime_recognition.py" "C:\xampp\htdocs\new attendance\attendance-project2/temp/temp_69db7dfaf219b.jpg"
[2026-04-12 13:11:54] Executing command: python "C:\xampp\htdocs\new attendance\attendance-project2/python/realtime_recognition.py" "C:\xampp\htdocs\new attendance\attendance-project2/temp/temp_69db7dfaf3613.jpg"
[2026-04-12 13:11:55] Python output: Array
(
    [0] => {"success": true, "student_id": "Unknown", "confidence": 0, "face_location": {"x": 152, "y": 125, "width": 318, "height": 318}}
)

[2026-04-12 13:11:55] Python output: Array
(
    [0] => {"success": true, "student_id": "Unknown", "confidence": 0, "face_location": {"x": 152, "y": 125, "width": 318, "height": 318}}
)

[2026-04-12 13:11:56] Executing command: python "C:\xampp\htdocs\new attendance\attendance-project2/python/realtime_recognition.py" "C:\xampp\htdocs\new attendance\attendance-project2/temp/temp_69db7dfc02aff.jpg"
[2026-04-12 13:11:56] Executing command: python "C:\xampp\htdocs\new attendance\attendance-project2/python/realtime_recognition.py" "C:\xampp\htdocs\new attendance\attendance-project2/temp/temp_69db7dfc0436a.jpg"
[2026-04-12 13:11:56] Python output: Array
(
    [0] => {"success": true, "student_id": "Unknown", "confidence": 0, "face_location": {"x": 138, "y": 109, "width": 312, "height": 312}}
)

[2026-04-12 13:11:56] Python output: Array
(
    [0] => {"success": true, "student_id": "Unknown", "confidence": 0, "face_location": {"x": 138, "y": 109, "width": 312, "height": 312}}
)

[2026-04-12 13:11:56] Executing command: python "C:\xampp\htdocs\new attendance\attendance-project2/python/realtime_recognition.py" "C:\xampp\htdocs\new attendance\attendance-project2/temp/temp_69db7dfcf31a6.jpg"
[2026-04-12 13:11:57] Executing command: python "C:\xampp\htdocs\new attendance\attendance-project2/python/realtime_recognition.py" "C:\xampp\htdocs\new attendance\attendance-project2/temp/temp_69db7dfd00828.jpg"
[2026-04-12 13:11:57] Python output: Array
(
    [0] => {"success": true, "student_id": "Unknown", "confidence": 0, "face_location": {"x": 129, "y": 114, "width": 303, "height": 303}}
)

[2026-04-12 13:11:57] Python output: Array
(
    [0] => {"success": true, "student_id": "Unknown", "confidence": 0, "face_location": {"x": 129, "y": 114, "width": 303, "height": 303}}
)

[2026-04-12 13:11:58] Executing command: python "C:\xampp\htdocs\new attendance\attendance-project2/python/realtime_recognition.py" "C:\xampp\htdocs\new attendance\attendance-project2/temp/temp_69db7dfe0038d.jpg"
[2026-04-12 13:11:58] Executing command: python "C:\xampp\htdocs\new attendance\attendance-project2/python/realtime_recognition.py" "C:\xampp\htdocs\new attendance\attendance-project2/temp/temp_69db7dfe02202.jpg"
[2026-04-12 13:11:58] Python output: Array
(
    [0] => {"success": true, "student_id": "Unknown", "confidence": 0, "face_location": {"x": 123, "y": 112, "width": 312, "height": 312}}
)

[2026-04-12 13:11:58] Python output: Array
(
    [0] => {"success": true, "student_id": "Unknown", "confidence": 0, "face_location": {"x": 123, "y": 112, "width": 312, "height": 312}}
)

[2026-04-12 13:11:59] Executing command: python "C:\xampp\htdocs\new attendance\attendance-project2/python/realtime_recognition.py" "C:\xampp\htdocs\new attendance\attendance-project2/temp/temp_69db7dff01b6d.jpg"
[2026-04-12 13:11:59] Executing command: python "C:\xampp\htdocs\new attendance\attendance-project2/python/realtime_recognition.py" "C:\xampp\htdocs\new attendance\attendance-project2/temp/temp_69db7dff03ea6.jpg"
[2026-04-12 13:11:59] Python output: Array
(
    [0] => {"success": true, "student_id": "Unknown", "confidence": 0, "face_location": {"x": 128, "y": 115, "width": 309, "height": 309}}
)

[2026-04-12 13:11:59] Python output: Array
(
    [0] => {"success": true, "student_id": "Unknown", "confidence": 0, "face_location": {"x": 128, "y": 115, "width": 309, "height": 309}}
)

[2026-04-12 13:12:00] Executing command: python "C:\xampp\htdocs\new attendance\attendance-project2/python/realtime_recognition.py" "C:\xampp\htdocs\new attendance\attendance-project2/temp/temp_69db7e000229d.jpg"
[2026-04-12 13:12:00] Executing command: python "C:\xampp\htdocs\new attendance\attendance-project2/python/realtime_recognition.py" "C:\xampp\htdocs\new attendance\attendance-project2/temp/temp_69db7e0003af7.jpg"
[2026-04-12 13:12:00] Python output: Array
(
    [0] => {"success": true, "student_id": "Unknown", "confidence": 0, "face_location": {"x": 131, "y": 109, "width": 315, "height": 315}}
)

[2026-04-12 13:12:00] Python output: Array
(
    [0] => {"success": true, "student_id": "Unknown", "confidence": 0, "face_location": {"x": 131, "y": 109, "width": 315, "height": 315}}
)

[2026-04-12 13:12:01] Executing command: python "C:\xampp\htdocs\new attendance\attendance-project2/python/realtime_recognition.py" "C:\xampp\htdocs\new attendance\attendance-project2/temp/temp_69db7e0101449.jpg"
[2026-04-12 13:12:01] Executing command: python "C:\xampp\htdocs\new attendance\attendance-project2/python/realtime_recognition.py" "C:\xampp\htdocs\new attendance\attendance-project2/temp/temp_69db7e0103766.jpg"
[2026-04-12 13:12:01] Python output: Array
(
    [0] => {"success": true, "student_id": "Unknown", "confidence": 0, "face_location": {"x": 156, "y": 85, "width": 272, "height": 272}}
)

[2026-04-12 13:12:01] Python output: Array
(
    [0] => {"success": true, "student_id": "Unknown", "confidence": 0, "face_location": {"x": 156, "y": 85, "width": 272, "height": 272}}
)

[2026-04-12 13:12:02] Executing command: python "C:\xampp\htdocs\new attendance\attendance-project2/python/realtime_recognition.py" "C:\xampp\htdocs\new attendance\attendance-project2/temp/temp_69db7e0203bf5.jpg"
[2026-04-12 13:12:02] Executing command: python "C:\xampp\htdocs\new attendance\attendance-project2/python/realtime_recognition.py" "C:\xampp\htdocs\new attendance\attendance-project2/temp/temp_69db7e0204965.jpg"
[2026-04-12 13:12:02] Python output: Array
(
    [0] => {"success": true, "student_id": "Unknown", "confidence": 0, "face_location": {"x": 216, "y": 105, "width": 211, "height": 211}}
)

[2026-04-12 13:12:02] Python output: Array
(
    [0] => {"success": true, "student_id": "Unknown", "confidence": 0, "face_location": {"x": 216, "y": 105, "width": 211, "height": 211}}
)

[2026-04-12 13:12:03] Executing command: python "C:\xampp\htdocs\new attendance\attendance-project2/python/realtime_recognition.py" "C:\xampp\htdocs\new attendance\attendance-project2/temp/temp_69db7e0300306.jpg"
[2026-04-12 13:12:03] Executing command: python "C:\xampp\htdocs\new attendance\attendance-project2/python/realtime_recognition.py" "C:\xampp\htdocs\new attendance\attendance-project2/temp/temp_69db7e03034dc.jpg"
[2026-04-12 13:12:03] Python output: Array
(
    [0] => {"success": true, "student_id": "Unknown", "confidence": 0, "face_location": {"x": 207, "y": 171, "width": 182, "height": 182}}
)

[2026-04-12 13:12:03] Executing command: python "C:\xampp\htdocs\new attendance\attendance-project2/python/realtime_recognition.py" "C:\xampp\htdocs\new attendance\attendance-project2/temp/temp_69db7e03f32cf.jpg"
[2026-04-12 13:12:04] Executing command: python "C:\xampp\htdocs\new attendance\attendance-project2/python/realtime_recognition.py" "C:\xampp\htdocs\new attendance\attendance-project2/temp/temp_69db7e0400aa6.jpg"
[2026-04-12 13:12:04] Python output: Array
(
    [0] => {"success": true, "student_id": "Unknown", "confidence": 0, "face_location": {"x": 193, "y": 167, "width": 195, "height": 195}}
)

[2026-04-12 13:12:04] Python output: Array
(
    [0] => {"success": true, "student_id": "Unknown", "confidence": 0, "face_location": {"x": 193, "y": 167, "width": 195, "height": 195}}
)

[2026-04-12 13:12:05] Executing command: python "C:\xampp\htdocs\new attendance\attendance-project2/python/realtime_recognition.py" "C:\xampp\htdocs\new attendance\attendance-project2/temp/temp_69db7e0501329.jpg"
[2026-04-12 13:12:05] Executing command: python "C:\xampp\htdocs\new attendance\attendance-project2/python/realtime_recognition.py" "C:\xampp\htdocs\new attendance\attendance-project2/temp/temp_69db7e05031f7.jpg"
[2026-04-12 13:12:05] Python output: Array
(
    [0] => {"success": true, "student_id": "Unknown", "confidence": 0, "face_location": {"x": 160, "y": 88, "width": 248, "height": 248}}
)

[2026-04-12 13:12:05] Python output: Array
(
    [0] => {"success": true, "student_id": "Unknown", "confidence": 0, "face_location": {"x": 160, "y": 88, "width": 248, "height": 248}}
)

[2026-04-12 13:12:05] Executing command: python "C:\xampp\htdocs\new attendance\attendance-project2/python/realtime_recognition.py" "C:\xampp\htdocs\new attendance\attendance-project2/temp/temp_69db7e05f37ad.jpg"
[2026-04-12 13:12:06] Executing command: python "C:\xampp\htdocs\new attendance\attendance-project2/python/realtime_recognition.py" "C:\xampp\htdocs\new attendance\attendance-project2/temp/temp_69db7e0603067.jpg"
[2026-04-12 13:12:06] Python output: Array
(
    [0] => {"success": true, "student_id": "Unknown", "confidence": 0, "face_location": {"x": 108, "y": 49, "width": 374, "height": 374}}
)

[2026-04-12 13:12:06] Python output: Array
(
    [0] => {"success": true, "student_id": "Unknown", "confidence": 0, "face_location": {"x": 108, "y": 49, "width": 374, "height": 374}}
)

[2026-04-12 13:12:06] Executing command: python "C:\xampp\htdocs\new attendance\attendance-project2/python/realtime_recognition.py" "C:\xampp\htdocs\new attendance\attendance-project2/temp/temp_69db7e06f30a4.jpg"
[2026-04-12 13:12:07] Executing command: python "C:\xampp\htdocs\new attendance\attendance-project2/python/realtime_recognition.py" "C:\xampp\htdocs\new attendance\attendance-project2/temp/temp_69db7e0700080.jpg"
[2026-04-12 13:12:07] Python output: Array
(
    [0] => {"success": true, "student_id": "Unknown", "confidence": 0, "face_location": {"x": 68, "y": 43, "width": 419, "height": 419}}
)

[2026-04-12 13:12:07] Python output: Array
(
    [0] => {"success": true, "student_id": "Unknown", "confidence": 0, "face_location": {"x": 68, "y": 43, "width": 419, "height": 419}}
)

[2026-04-12 13:12:08] Executing command: python "C:\xampp\htdocs\new attendance\attendance-project2/python/realtime_recognition.py" "C:\xampp\htdocs\new attendance\attendance-project2/temp/temp_69db7e0801170.jpg"
[2026-04-12 13:12:08] Executing command: python "C:\xampp\htdocs\new attendance\attendance-project2/python/realtime_recognition.py" "C:\xampp\htdocs\new attendance\attendance-project2/temp/temp_69db7e08028f4.jpg"
[2026-04-12 13:12:08] Python output: Array
(
    [0] => {"success": true, "student_id": "Unknown", "confidence": 0, "face_location": {"x": 41, "y": 34, "width": 435, "height": 435}}
)

[2026-04-12 13:12:09] Executing command: python "C:\xampp\htdocs\new attendance\attendance-project2/python/realtime_recognition.py" "C:\xampp\htdocs\new attendance\attendance-project2/temp/temp_69db7e08f3c5b.jpg"
[2026-04-12 13:12:09] Executing command: python "C:\xampp\htdocs\new attendance\attendance-project2/python/realtime_recognition.py" "C:\xampp\htdocs\new attendance\attendance-project2/temp/temp_69db7e0901041.jpg"
[2026-04-12 13:12:09] Python output: Array
(
    [0] => {"success": true, "student_id": "Unknown", "confidence": 0, "face_location": {"x": 55, "y": 28, "width": 403, "height": 403}}
)

[2026-04-12 13:12:09] Python output: Array
(
    [0] => {"success": true, "student_id": "Unknown", "confidence": 0, "face_location": {"x": 55, "y": 28, "width": 403, "height": 403}}
)

[2026-04-12 13:12:09] Executing command: python "C:\xampp\htdocs\new attendance\attendance-project2/python/realtime_recognition.py" "C:\xampp\htdocs\new attendance\attendance-project2/temp/temp_69db7e09f19b1.jpg"
[2026-04-12 13:12:09] Executing command: python "C:\xampp\htdocs\new attendance\attendance-project2/python/realtime_recognition.py" "C:\xampp\htdocs\new attendance\attendance-project2/temp/temp_69db7e09f2788.jpg"
[2026-04-12 13:12:10] Python output: Array
(
    [0] => {"success": true, "student_id": "Unknown", "confidence": 0, "face_location": {"x": 39, "y": 29, "width": 400, "height": 400}}
)

[2026-04-12 13:12:11] Executing command: python "C:\xampp\htdocs\new attendance\attendance-project2/python/realtime_recognition.py" "C:\xampp\htdocs\new attendance\attendance-project2/temp/temp_69db7e0af4132.jpg"
[2026-04-12 13:12:11] Executing command: python "C:\xampp\htdocs\new attendance\attendance-project2/python/realtime_recognition.py" "C:\xampp\htdocs\new attendance\attendance-project2/temp/temp_69db7e0b01611.jpg"
[2026-04-12 13:12:11] Python output: Array
(
    [0] => {"success": true, "student_id": "Unknown", "confidence": 0, "face_location": {"x": 121, "y": 29, "width": 359, "height": 359}}
)

[2026-04-12 13:12:12] Executing command: python "C:\xampp\htdocs\new attendance\attendance-project2/python/realtime_recognition.py" "C:\xampp\htdocs\new attendance\attendance-project2/temp/temp_69db7e0c0281e.jpg"
[2026-04-12 13:12:12] Executing command: python "C:\xampp\htdocs\new attendance\attendance-project2/python/realtime_recognition.py" "C:\xampp\htdocs\new attendance\attendance-project2/temp/temp_69db7e0c04682.jpg"
[2026-04-12 13:12:12] Python output: Array
(
    [0] => {"success": true, "student_id": "Unknown", "confidence": 0, "face_location": {"x": 165, "y": 57, "width": 273, "height": 273}}
)

[2026-04-12 13:12:12] Python output: Array
(
    [0] => {"success": true, "student_id": "Unknown", "confidence": 0, "face_location": {"x": 165, "y": 57, "width": 273, "height": 273}}
)

[2026-04-12 13:12:13] Executing command: python "C:\xampp\htdocs\new attendance\attendance-project2/python/realtime_recognition.py" "C:\xampp\htdocs\new attendance\attendance-project2/temp/temp_69db7e0d02eac.jpg"
[2026-04-12 13:12:13] Executing command: python "C:\xampp\htdocs\new attendance\attendance-project2/python/realtime_recognition.py" "C:\xampp\htdocs\new attendance\attendance-project2/temp/temp_69db7e0d04b29.jpg"
[2026-04-12 13:12:13] Python output: Array
(
    [0] => {"success": true, "student_id": "Unknown", "confidence": 0, "face_location": {"x": 172, "y": 184, "width": 204, "height": 204}}
)

[2026-04-12 13:12:13] Python output: Array
(
    [0] => {"success": true, "student_id": "Unknown", "confidence": 0, "face_location": {"x": 172, "y": 184, "width": 204, "height": 204}}
)

[2026-04-12 13:12:13] Executing command: python "C:\xampp\htdocs\new attendance\attendance-project2/python/realtime_recognition.py" "C:\xampp\htdocs\new attendance\attendance-project2/temp/temp_69db7e0df3453.jpg"
[2026-04-12 13:12:14] Executing command: python "C:\xampp\htdocs\new attendance\attendance-project2/python/realtime_recognition.py" "C:\xampp\htdocs\new attendance\attendance-project2/temp/temp_69db7e0e01931.jpg"
[2026-04-12 13:12:14] Python output: Array
(
    [0] => {"success": true, "student_id": "Unknown", "confidence": 0, "face_location": {"x": 119, "y": 163, "width": 197, "height": 197}}
)

[2026-04-12 13:12:14] Python output: Array
(
    [0] => {"success": true, "student_id": "Unknown", "confidence": 0, "face_location": {"x": 119, "y": 163, "width": 197, "height": 197}}
)

[2026-04-12 13:12:15] Executing command: python "C:\xampp\htdocs\new attendance\attendance-project2/python/realtime_recognition.py" "C:\xampp\htdocs\new attendance\attendance-project2/temp/temp_69db7e0f2c40b.jpg"
[2026-04-12 13:12:15] Python output: Array
(
    [0] => {"success": true, "student_id": "Unknown", "confidence": 0, "face_location": {"x": 119, "y": 163, "width": 197, "height": 197}}
)

[2026-04-12 13:12:16] Executing command: python "C:\xampp\htdocs\new attendance\attendance-project2/python/realtime_recognition.py" "C:\xampp\htdocs\new attendance\attendance-project2/temp/temp_69db7e1077078.jpg"
[2026-04-12 13:12:17] Python output: Array
(
    [0] => {"success": true, "student_id": "Unknown", "confidence": 0, "face_location": {"x": 119, "y": 163, "width": 197, "height": 197}}
)

[2026-04-12 13:12:17] Executing command: python "C:\xampp\htdocs\new attendance\attendance-project2/python/realtime_recognition.py" "C:\xampp\htdocs\new attendance\attendance-project2/temp/temp_69db7e117a6fc.jpg"
[2026-04-12 13:12:18] Python output: Array
(
    [0] => {"success": true, "student_id": "Unknown", "confidence": 0, "face_location": {"x": 119, "y": 163, "width": 197, "height": 197}}
)

[2026-04-12 13:12:19] Executing command: python "C:\xampp\htdocs\new attendance\attendance-project2/python/realtime_recognition.py" "C:\xampp\htdocs\new attendance\attendance-project2/temp/temp_69db7e132d691.jpg"
[2026-04-12 13:12:19] Python output: Array
(
    [0] => {"success": true, "student_id": "Unknown", "confidence": 0, "face_location": {"x": 119, "y": 163, "width": 197, "height": 197}}
)

[2026-04-12 13:12:20] Executing command: python "C:\xampp\htdocs\new attendance\attendance-project2/python/realtime_recognition.py" "C:\xampp\htdocs\new attendance\attendance-project2/temp/temp_69db7e142c74c.jpg"
[2026-04-12 13:12:20] Python output: Array
(
    [0] => {"success": true, "student_id": "Unknown", "confidence": 0, "face_location": {"x": 119, "y": 163, "width": 197, "height": 197}}
)

[2026-04-12 13:12:21] Executing command: python "C:\xampp\htdocs\new attendance\attendance-project2/python/realtime_recognition.py" "C:\xampp\htdocs\new attendance\attendance-project2/temp/temp_69db7e152a36c.jpg"
[2026-04-12 13:12:21] Python output: Array
(
    [0] => {"success": true, "student_id": "Unknown", "confidence": 0, "face_location": {"x": 119, "y": 163, "width": 197, "height": 197}}
)

[2026-04-12 13:12:22] Executing command: python "C:\xampp\htdocs\new attendance\attendance-project2/python/realtime_recognition.py" "C:\xampp\htdocs\new attendance\attendance-project2/temp/temp_69db7e162ce7c.jpg"
[2026-04-12 13:12:22] Python output: Array
(
    [0] => {"success": true, "student_id": "Unknown", "confidence": 0, "face_location": {"x": 119, "y": 163, "width": 197, "height": 197}}
)

[2026-04-12 13:12:23] Executing command: python "C:\xampp\htdocs\new attendance\attendance-project2/python/realtime_recognition.py" "C:\xampp\htdocs\new attendance\attendance-project2/temp/temp_69db7e172b8c0.jpg"
[2026-04-12 13:12:23] Python output: Array
(
    [0] => {"success": true, "student_id": "Unknown", "confidence": 0, "face_location": {"x": 119, "y": 163, "width": 197, "height": 197}}
)

[2026-04-12 13:12:24] Executing command: python "C:\xampp\htdocs\new attendance\attendance-project2/python/realtime_recognition.py" "C:\xampp\htdocs\new attendance\attendance-project2/temp/temp_69db7e182de1b.jpg"
[2026-04-12 13:12:25] Python output: Array
(
    [0] => {"success": true, "student_id": "Unknown", "confidence": 0, "face_location": {"x": 119, "y": 163, "width": 197, "height": 197}}
)

[2026-04-12 13:12:25] Executing command: python "C:\xampp\htdocs\new attendance\attendance-project2/python/realtime_recognition.py" "C:\xampp\htdocs\new attendance\attendance-project2/temp/temp_69db7e192a00d.jpg"
[2026-04-12 13:12:25] Python output: Array
(
    [0] => {"success": true, "student_id": "Unknown", "confidence": 0, "face_location": {"x": 119, "y": 163, "width": 197, "height": 197}}
)

[2026-04-12 13:12:26] Executing command: python "C:\xampp\htdocs\new attendance\attendance-project2/python/realtime_recognition.py" "C:\xampp\htdocs\new attendance\attendance-project2/temp/temp_69db7e1a2d9f7.jpg"
[2026-04-12 13:12:26] Python output: Array
(
    [0] => {"success": true, "student_id": "Unknown", "confidence": 0, "face_location": {"x": 119, "y": 163, "width": 197, "height": 197}}
)

[2026-04-12 13:12:27] Executing command: python "C:\xampp\htdocs\new attendance\attendance-project2/python/realtime_recognition.py" "C:\xampp\htdocs\new attendance\attendance-project2/temp/temp_69db7e1b2c326.jpg"
[2026-04-12 13:12:27] Python output: Array
(
    [0] => {"success": true, "student_id": "Unknown", "confidence": 0, "face_location": {"x": 119, "y": 163, "width": 197, "height": 197}}
)

[2026-04-12 13:12:28] Executing command: python "C:\xampp\htdocs\new attendance\attendance-project2/python/realtime_recognition.py" "C:\xampp\htdocs\new attendance\attendance-project2/temp/temp_69db7e1c2d6c5.jpg"
[2026-04-12 13:12:28] Python output: Array
(
    [0] => {"success": true, "student_id": "Unknown", "confidence": 0, "face_location": {"x": 119, "y": 163, "width": 197, "height": 197}}
)

[2026-04-12 13:12:29] Executing command: python "C:\xampp\htdocs\new attendance\attendance-project2/python/realtime_recognition.py" "C:\xampp\htdocs\new attendance\attendance-project2/temp/temp_69db7e1d2a6bf.jpg"
[2026-04-12 13:12:29] Python output: Array
(
    [0] => {"success": true, "student_id": "Unknown", "confidence": 0, "face_location": {"x": 119, "y": 163, "width": 197, "height": 197}}
)

[2026-04-12 13:12:30] Executing command: python "C:\xampp\htdocs\new attendance\attendance-project2/python/realtime_recognition.py" "C:\xampp\htdocs\new attendance\attendance-project2/temp/temp_69db7e1e2b21e.jpg"
[2026-04-12 13:12:30] Python output: Array
(
    [0] => {"success": true, "student_id": "Unknown", "confidence": 0, "face_location": {"x": 119, "y": 163, "width": 197, "height": 197}}
)

[2026-04-12 13:12:31] Executing command: python "C:\xampp\htdocs\new attendance\attendance-project2/python/realtime_recognition.py" "C:\xampp\htdocs\new attendance\attendance-project2/temp/temp_69db7e1f2a99e.jpg"
[2026-04-12 13:12:32] Python output: Array
(
    [0] => {"success": true, "student_id": "Unknown", "confidence": 0, "face_location": {"x": 119, "y": 163, "width": 197, "height": 197}}
)

[2026-04-12 13:12:32] Executing command: python "C:\xampp\htdocs\new attendance\attendance-project2/python/realtime_recognition.py" "C:\xampp\htdocs\new attendance\attendance-project2/temp/temp_69db7e202cfff.jpg"
[2026-04-12 13:12:32] Python output: Array
(
    [0] => {"success": true, "student_id": "Unknown", "confidence": 0, "face_location": {"x": 119, "y": 163, "width": 197, "height": 197}}
)

[2026-04-12 13:12:33] Executing command: python "C:\xampp\htdocs\new attendance\attendance-project2/python/realtime_recognition.py" "C:\xampp\htdocs\new attendance\attendance-project2/temp/temp_69db7e2129ed5.jpg"
[2026-04-12 13:12:33] Python output: Array
(
    [0] => {"success": true, "student_id": "Unknown", "confidence": 0, "face_location": {"x": 119, "y": 163, "width": 197, "height": 197}}
)

[2026-04-12 13:12:34] Executing command: python "C:\xampp\htdocs\new attendance\attendance-project2/python/realtime_recognition.py" "C:\xampp\htdocs\new attendance\attendance-project2/temp/temp_69db7e222bdfa.jpg"
[2026-04-12 13:12:34] Python output: Array
(
    [0] => {"success": true, "student_id": "Unknown", "confidence": 0, "face_location": {"x": 119, "y": 163, "width": 197, "height": 197}}
)

[2026-04-12 13:12:35] Executing command: python "C:\xampp\htdocs\new attendance\attendance-project2/python/realtime_recognition.py" "C:\xampp\htdocs\new attendance\attendance-project2/temp/temp_69db7e23299bc.jpg"
[2026-04-12 13:12:35] Python output: Array
(
    [0] => {"success": true, "student_id": "Unknown", "confidence": 0, "face_location": {"x": 119, "y": 163, "width": 197, "height": 197}}
)

[2026-04-12 13:12:36] Executing command: python "C:\xampp\htdocs\new attendance\attendance-project2/python/realtime_recognition.py" "C:\xampp\htdocs\new attendance\attendance-project2/temp/temp_69db7e242a907.jpg"
[2026-04-12 13:12:36] Python output: Array
(
    [0] => {"success": true, "student_id": "Unknown", "confidence": 0, "face_location": {"x": 119, "y": 163, "width": 197, "height": 197}}
)

[2026-04-12 13:12:37] Executing command: python "C:\xampp\htdocs\new attendance\attendance-project2/python/realtime_recognition.py" "C:\xampp\htdocs\new attendance\attendance-project2/temp/temp_69db7e252b980.jpg"
[2026-04-12 13:12:37] Python output: Array
(
    [0] => {"success": true, "student_id": "Unknown", "confidence": 0, "face_location": {"x": 119, "y": 163, "width": 197, "height": 197}}
)

[2026-04-12 13:12:38] Executing command: python "C:\xampp\htdocs\new attendance\attendance-project2/python/realtime_recognition.py" "C:\xampp\htdocs\new attendance\attendance-project2/temp/temp_69db7e262b283.jpg"
[2026-04-12 13:12:38] Python output: Array
(
    [0] => {"success": true, "student_id": "Unknown", "confidence": 0, "face_location": {"x": 119, "y": 163, "width": 197, "height": 197}}
)

[2026-04-12 13:12:39] Executing command: python "C:\xampp\htdocs\new attendance\attendance-project2/python/realtime_recognition.py" "C:\xampp\htdocs\new attendance\attendance-project2/temp/temp_69db7e272c17d.jpg"
[2026-04-12 13:12:39] Python output: Array
(
    [0] => {"success": true, "student_id": "Unknown", "confidence": 0, "face_location": {"x": 119, "y": 163, "width": 197, "height": 197}}
)

[2026-04-12 13:12:40] Executing command: python "C:\xampp\htdocs\new attendance\attendance-project2/python/realtime_recognition.py" "C:\xampp\htdocs\new attendance\attendance-project2/temp/temp_69db7e28299d2.jpg"
[2026-04-12 13:12:40] Python output: Array
(
    [0] => {"success": true, "student_id": "Unknown", "confidence": 0, "face_location": {"x": 119, "y": 163, "width": 197, "height": 197}}
)

[2026-04-12 13:12:41] Executing command: python "C:\xampp\htdocs\new attendance\attendance-project2/python/realtime_recognition.py" "C:\xampp\htdocs\new attendance\attendance-project2/temp/temp_69db7e292c786.jpg"
[2026-04-12 13:12:41] Python output: Array
(
    [0] => {"success": true, "student_id": "Unknown", "confidence": 0, "face_location": {"x": 119, "y": 163, "width": 197, "height": 197}}
)

[2026-04-12 13:12:42] Executing command: python "C:\xampp\htdocs\new attendance\attendance-project2/python/realtime_recognition.py" "C:\xampp\htdocs\new attendance\attendance-project2/temp/temp_69db7e2a2b779.jpg"
[2026-04-12 13:12:42] Python output: Array
(
    [0] => {"success": true, "student_id": "Unknown", "confidence": 0, "face_location": {"x": 119, "y": 163, "width": 197, "height": 197}}
)

[2026-04-12 13:12:43] Executing command: python "C:\xampp\htdocs\new attendance\attendance-project2/python/realtime_recognition.py" "C:\xampp\htdocs\new attendance\attendance-project2/temp/temp_69db7e2b2b22f.jpg"
[2026-04-12 13:12:43] Python output: Array
(
    [0] => {"success": true, "student_id": "Unknown", "confidence": 0, "face_location": {"x": 119, "y": 163, "width": 197, "height": 197}}
)

[2026-04-12 13:12:44] Executing command: python "C:\xampp\htdocs\new attendance\attendance-project2/python/realtime_recognition.py" "C:\xampp\htdocs\new attendance\attendance-project2/temp/temp_69db7e2c29e82.jpg"
[2026-04-12 13:12:44] Python output: Array
(
    [0] => {"success": true, "student_id": "Unknown", "confidence": 0, "face_location": {"x": 119, "y": 163, "width": 197, "height": 197}}
)

[2026-04-12 13:12:45] Executing command: python "C:\xampp\htdocs\new attendance\attendance-project2/python/realtime_recognition.py" "C:\xampp\htdocs\new attendance\attendance-project2/temp/temp_69db7e2d2af18.jpg"
[2026-04-12 13:12:45] Python output: Array
(
    [0] => {"success": true, "student_id": "Unknown", "confidence": 0, "face_location": {"x": 119, "y": 163, "width": 197, "height": 197}}
)

[2026-04-12 13:12:46] Executing command: python "C:\xampp\htdocs\new attendance\attendance-project2/python/realtime_recognition.py" "C:\xampp\htdocs\new attendance\attendance-project2/temp/temp_69db7e2e2caca.jpg"
[2026-04-12 13:12:46] Python output: Array
(
    [0] => {"success": true, "student_id": "Unknown", "confidence": 0, "face_location": {"x": 119, "y": 163, "width": 197, "height": 197}}
)

[2026-04-12 13:12:47] Executing command: python "C:\xampp\htdocs\new attendance\attendance-project2/python/realtime_recognition.py" "C:\xampp\htdocs\new attendance\attendance-project2/temp/temp_69db7e2f29f40.jpg"
[2026-04-12 13:12:47] Python output: Array
(
    [0] => {"success": true, "student_id": "Unknown", "confidence": 0, "face_location": {"x": 119, "y": 163, "width": 197, "height": 197}}
)

[2026-04-12 13:12:48] Executing command: python "C:\xampp\htdocs\new attendance\attendance-project2/python/realtime_recognition.py" "C:\xampp\htdocs\new attendance\attendance-project2/temp/temp_69db7e302ae61.jpg"
[2026-04-12 13:12:48] Python output: Array
(
    [0] => {"success": true, "student_id": "Unknown", "confidence": 0, "face_location": {"x": 119, "y": 163, "width": 197, "height": 197}}
)

[2026-04-12 13:12:49] Executing command: python "C:\xampp\htdocs\new attendance\attendance-project2/python/realtime_recognition.py" "C:\xampp\htdocs\new attendance\attendance-project2/temp/temp_69db7e312b9d0.jpg"
[2026-04-12 13:12:49] Python output: Array
(
    [0] => {"success": true, "student_id": "Unknown", "confidence": 0, "face_location": {"x": 119, "y": 163, "width": 197, "height": 197}}
)

[2026-04-12 13:12:50] Executing command: python "C:\xampp\htdocs\new attendance\attendance-project2/python/realtime_recognition.py" "C:\xampp\htdocs\new attendance\attendance-project2/temp/temp_69db7e3229991.jpg"
[2026-04-12 13:12:50] Python output: Array
(
    [0] => {"success": true, "student_id": "Unknown", "confidence": 0, "face_location": {"x": 119, "y": 163, "width": 197, "height": 197}}
)

[2026-04-12 13:12:51] Executing command: python "C:\xampp\htdocs\new attendance\attendance-project2/python/realtime_recognition.py" "C:\xampp\htdocs\new attendance\attendance-project2/temp/temp_69db7e332ac5c.jpg"
[2026-04-12 13:12:51] Python output: Array
(
    [0] => {"success": true, "student_id": "Unknown", "confidence": 0, "face_location": {"x": 119, "y": 163, "width": 197, "height": 197}}
)

[2026-04-12 13:12:52] Executing command: python "C:\xampp\htdocs\new attendance\attendance-project2/python/realtime_recognition.py" "C:\xampp\htdocs\new attendance\attendance-project2/temp/temp_69db7e342985e.jpg"
[2026-04-12 13:12:52] Python output: Array
(
    [0] => {"success": true, "student_id": "Unknown", "confidence": 0, "face_location": {"x": 119, "y": 163, "width": 197, "height": 197}}
)

[2026-04-12 13:12:53] Executing command: python "C:\xampp\htdocs\new attendance\attendance-project2/python/realtime_recognition.py" "C:\xampp\htdocs\new attendance\attendance-project2/temp/temp_69db7e352a770.jpg"
[2026-04-12 13:12:53] Python output: Array
(
    [0] => {"success": true, "student_id": "Unknown", "confidence": 0, "face_location": {"x": 119, "y": 163, "width": 197, "height": 197}}
)

[2026-04-12 13:12:54] Executing command: python "C:\xampp\htdocs\new attendance\attendance-project2/python/realtime_recognition.py" "C:\xampp\htdocs\new attendance\attendance-project2/temp/temp_69db7e362a447.jpg"
[2026-04-12 13:12:54] Python output: Array
(
    [0] => {"success": true, "student_id": "Unknown", "confidence": 0, "face_location": {"x": 119, "y": 163, "width": 197, "height": 197}}
)

[2026-04-12 13:12:55] Executing command: python "C:\xampp\htdocs\new attendance\attendance-project2/python/realtime_recognition.py" "C:\xampp\htdocs\new attendance\attendance-project2/temp/temp_69db7e372ae46.jpg"
[2026-04-12 13:12:55] Python output: Array
(
    [0] => {"success": true, "student_id": "Unknown", "confidence": 0, "face_location": {"x": 119, "y": 163, "width": 197, "height": 197}}
)

[2026-04-12 13:12:56] Executing command: python "C:\xampp\htdocs\new attendance\attendance-project2/python/realtime_recognition.py" "C:\xampp\htdocs\new attendance\attendance-project2/temp/temp_69db7e382a87d.jpg"
[2026-04-12 13:12:56] Python output: Array
(
    [0] => {"success": true, "student_id": "Unknown", "confidence": 0, "face_location": {"x": 119, "y": 163, "width": 197, "height": 197}}
)

[2026-04-12 13:12:57] Executing command: python "C:\xampp\htdocs\new attendance\attendance-project2/python/realtime_recognition.py" "C:\xampp\htdocs\new attendance\attendance-project2/temp/temp_69db7e392ca61.jpg"
[2026-04-12 13:12:57] Python output: Array
(
    [0] => {"success": true, "student_id": "Unknown", "confidence": 0, "face_location": {"x": 119, "y": 163, "width": 197, "height": 197}}
)

[2026-04-12 13:12:58] Executing command: python "C:\xampp\htdocs\new attendance\attendance-project2/python/realtime_recognition.py" "C:\xampp\htdocs\new attendance\attendance-project2/temp/temp_69db7e3a2905f.jpg"
[2026-04-12 13:12:58] Python output: Array
(
    [0] => {"success": true, "student_id": "Unknown", "confidence": 0, "face_location": {"x": 119, "y": 163, "width": 197, "height": 197}}
)

[2026-04-12 13:12:59] Executing command: python "C:\xampp\htdocs\new attendance\attendance-project2/python/realtime_recognition.py" "C:\xampp\htdocs\new attendance\attendance-project2/temp/temp_69db7e3b29c34.jpg"
[2026-04-12 13:12:59] Python output: Array
(
    [0] => {"success": true, "student_id": "Unknown", "confidence": 0, "face_location": {"x": 119, "y": 163, "width": 197, "height": 197}}
)

[2026-04-12 13:13:00] Executing command: python "C:\xampp\htdocs\new attendance\attendance-project2/python/realtime_recognition.py" "C:\xampp\htdocs\new attendance\attendance-project2/temp/temp_69db7e3c2b807.jpg"
[2026-04-12 13:13:00] Python output: Array
(
    [0] => {"success": true, "student_id": "Unknown", "confidence": 0, "face_location": {"x": 119, "y": 163, "width": 197, "height": 197}}
)

[2026-04-12 13:13:01] Executing command: python "C:\xampp\htdocs\new attendance\attendance-project2/python/realtime_recognition.py" "C:\xampp\htdocs\new attendance\attendance-project2/temp/temp_69db7e3d29a6b.jpg"
[2026-04-12 13:13:01] Python output: Array
(
    [0] => {"success": true, "student_id": "Unknown", "confidence": 0, "face_location": {"x": 119, "y": 163, "width": 197, "height": 197}}
)

[2026-04-12 13:13:02] Executing command: python "C:\xampp\htdocs\new attendance\attendance-project2/python/realtime_recognition.py" "C:\xampp\htdocs\new attendance\attendance-project2/temp/temp_69db7e3e2a90e.jpg"
[2026-04-12 13:13:02] Python output: Array
(
    [0] => {"success": true, "student_id": "Unknown", "confidence": 0, "face_location": {"x": 119, "y": 163, "width": 197, "height": 197}}
)

[2026-04-12 13:13:03] Executing command: python "C:\xampp\htdocs\new attendance\attendance-project2/python/realtime_recognition.py" "C:\xampp\htdocs\new attendance\attendance-project2/temp/temp_69db7e3f2bc28.jpg"
[2026-04-12 13:13:03] Python output: Array
(
    [0] => {"success": true, "student_id": "Unknown", "confidence": 0, "face_location": {"x": 119, "y": 163, "width": 197, "height": 197}}
)

[2026-04-12 13:13:04] Executing command: python "C:\xampp\htdocs\new attendance\attendance-project2/python/realtime_recognition.py" "C:\xampp\htdocs\new attendance\attendance-project2/temp/temp_69db7e402c9eb.jpg"
[2026-04-12 13:13:04] Python output: Array
(
    [0] => {"success": true, "student_id": "Unknown", "confidence": 0, "face_location": {"x": 119, "y": 163, "width": 197, "height": 197}}
)

[2026-04-12 13:13:05] Executing command: python "C:\xampp\htdocs\new attendance\attendance-project2/python/realtime_recognition.py" "C:\xampp\htdocs\new attendance\attendance-project2/temp/temp_69db7e412b672.jpg"
[2026-04-12 13:13:06] Python output: Array
(
    [0] => {"success": true, "student_id": "Unknown", "confidence": 0, "face_location": {"x": 119, "y": 163, "width": 197, "height": 197}}
)

[2026-04-12 13:13:06] Executing command: python "C:\xampp\htdocs\new attendance\attendance-project2/python/realtime_recognition.py" "C:\xampp\htdocs\new attendance\attendance-project2/temp/temp_69db7e422db31.jpg"
[2026-04-12 13:13:06] Python output: Array
(
    [0] => {"success": true, "student_id": "Unknown", "confidence": 0, "face_location": {"x": 119, "y": 163, "width": 197, "height": 197}}
)

[2026-04-12 13:13:07] Executing command: python "C:\xampp\htdocs\new attendance\attendance-project2/python/realtime_recognition.py" "C:\xampp\htdocs\new attendance\attendance-project2/temp/temp_69db7e432bd0a.jpg"
[2026-04-12 13:13:07] Python output: Array
(
    [0] => {"success": true, "student_id": "Unknown", "confidence": 0, "face_location": {"x": 119, "y": 163, "width": 197, "height": 197}}
)

[2026-04-12 13:13:08] Executing command: python "C:\xampp\htdocs\new attendance\attendance-project2/python/realtime_recognition.py" "C:\xampp\htdocs\new attendance\attendance-project2/temp/temp_69db7e442b03a.jpg"
[2026-04-12 13:13:08] Python output: Array
(
    [0] => {"success": true, "student_id": "Unknown", "confidence": 0, "face_location": {"x": 119, "y": 163, "width": 197, "height": 197}}
)

[2026-04-12 13:13:09] Executing command: python "C:\xampp\htdocs\new attendance\attendance-project2/python/realtime_recognition.py" "C:\xampp\htdocs\new attendance\attendance-project2/temp/temp_69db7e452b4f4.jpg"
[2026-04-12 13:13:09] Python output: Array
(
    [0] => {"success": true, "student_id": "Unknown", "confidence": 0, "face_location": {"x": 119, "y": 163, "width": 197, "height": 197}}
)

[2026-04-12 13:13:10] Executing command: python "C:\xampp\htdocs\new attendance\attendance-project2/python/realtime_recognition.py" "C:\xampp\htdocs\new attendance\attendance-project2/temp/temp_69db7e4629757.jpg"
[2026-04-12 13:13:10] Python output: Array
(
    [0] => {"success": true, "student_id": "Unknown", "confidence": 0, "face_location": {"x": 119, "y": 163, "width": 197, "height": 197}}
)

[2026-04-12 13:13:11] Executing command: python "C:\xampp\htdocs\new attendance\attendance-project2/python/realtime_recognition.py" "C:\xampp\htdocs\new attendance\attendance-project2/temp/temp_69db7e4704fd5.jpg"
[2026-04-12 13:13:11] Python output: Array
(
    [0] => {"success": true, "student_id": "Unknown", "confidence": 0, "face_location": {"x": 119, "y": 163, "width": 197, "height": 197}}
)

[2026-04-12 13:13:11] Executing command: python "C:\xampp\htdocs\new attendance\attendance-project2/python/realtime_recognition.py" "C:\xampp\htdocs\new attendance\attendance-project2/temp/temp_69db7e47f3ae8.jpg"
[2026-04-12 13:13:12] Python output: Array
(
    [0] => {"success": true, "student_id": "Unknown", "confidence": 0, "face_location": {"x": 119, "y": 163, "width": 197, "height": 197}}
)

[2026-04-12 13:21:43] Executing command: python "C:\xampp\htdocs\new attendance\attendance-project2/python/realtime_recognition.py" "C:\xampp\htdocs\new attendance\attendance-project2/temp/temp_69db8047e164e.jpg"
[2026-04-12 13:21:43] Executing command: python "C:\xampp\htdocs\new attendance\attendance-project2/python/realtime_recognition.py" "C:\xampp\htdocs\new attendance\attendance-project2/temp/temp_69db8047e20b5.jpg"
[2026-04-12 13:21:44] Python output: Array
(
    [0] => {"success": true, "student_id": "1", "confidence": 42.574838418061944, "raw_distance": 86.14, "face_location": {"x": 212, "y": 173, "width": 204, "height": 204}}
)

[2026-04-12 13:21:44] Python output: Array
(
    [0] => {"success": true, "student_id": "1", "confidence": 42.574838418061944, "raw_distance": 86.14, "face_location": {"x": 212, "y": 173, "width": 204, "height": 204}}
)

[2026-04-12 13:21:44] Executing command: python "C:\xampp\htdocs\new attendance\attendance-project2/python/realtime_recognition.py" "C:\xampp\htdocs\new attendance\attendance-project2/temp/temp_69db8048dfce0.jpg"
[2026-04-12 13:21:44] Executing command: python "C:\xampp\htdocs\new attendance\attendance-project2/python/realtime_recognition.py" "C:\xampp\htdocs\new attendance\attendance-project2/temp/temp_69db8048e29d5.jpg"
[2026-04-12 13:21:45] Python output: Array
(
    [0] => {"success": true, "student_id": "1", "confidence": 41.85086932031762, "raw_distance": 87.22, "face_location": {"x": 206, "y": 171, "width": 206, "height": 206}}
)

[2026-04-12 13:21:45] Executing command: python "C:\xampp\htdocs\new attendance\attendance-project2/python/realtime_recognition.py" "C:\xampp\htdocs\new attendance\attendance-project2/temp/temp_69db8049e2960.jpg"
[2026-04-12 13:21:45] Executing command: python "C:\xampp\htdocs\new attendance\attendance-project2/python/realtime_recognition.py" "C:\xampp\htdocs\new attendance\attendance-project2/temp/temp_69db8049e46cd.jpg"
[2026-04-12 13:21:46] Python output: Array
(
    [0] => {"success": true, "student_id": "1", "confidence": 39.51017601757504, "raw_distance": 90.73, "face_location": {"x": 196, "y": 163, "width": 217, "height": 217}}
)

[2026-04-12 13:21:46] Python output: Array
(
    [0] => {"success": true, "student_id": "1", "confidence": 39.51017601757504, "raw_distance": 90.73, "face_location": {"x": 196, "y": 163, "width": 217, "height": 217}}
)

[2026-04-12 13:21:46] Executing command: python "C:\xampp\htdocs\new attendance\attendance-project2/python/realtime_recognition.py" "C:\xampp\htdocs\new attendance\attendance-project2/temp/temp_69db804adecd6.jpg"
[2026-04-12 13:21:46] Executing command: python "C:\xampp\htdocs\new attendance\attendance-project2/python/realtime_recognition.py" "C:\xampp\htdocs\new attendance\attendance-project2/temp/temp_69db804ae27a5.jpg"
[2026-04-12 13:21:47] Python output: Array
(
    [0] => {"success": true, "student_id": "1", "confidence": 38.94540318410682, "raw_distance": 91.58, "face_location": {"x": 194, "y": 166, "width": 213, "height": 213}}
)

[2026-04-12 13:21:47] Python output: Array
(
    [0] => {"success": true, "student_id": "1", "confidence": 38.94540318410682, "raw_distance": 91.58, "face_location": {"x": 194, "y": 166, "width": 213, "height": 213}}
)

[2026-04-12 13:21:47] Executing command: python "C:\xampp\htdocs\new attendance\attendance-project2/python/realtime_recognition.py" "C:\xampp\htdocs\new attendance\attendance-project2/temp/temp_69db804bde60d.jpg"
[2026-04-12 13:21:47] Executing command: python "C:\xampp\htdocs\new attendance\attendance-project2/python/realtime_recognition.py" "C:\xampp\htdocs\new attendance\attendance-project2/temp/temp_69db804be0986.jpg"
[2026-04-12 13:21:48] Python output: Array
(
    [0] => {"success": true, "student_id": "1", "confidence": 39.08743668135436, "raw_distance": 91.37, "face_location": {"x": 193, "y": 165, "width": 217, "height": 217}}
)

[2026-04-12 13:21:48] Python output: Array
(
    [0] => {"success": true, "student_id": "1", "confidence": 39.08743668135436, "raw_distance": 91.37, "face_location": {"x": 193, "y": 165, "width": 217, "height": 217}}
)

[2026-04-12 13:21:48] Executing command: python "C:\xampp\htdocs\new attendance\attendance-project2/python/realtime_recognition.py" "C:\xampp\htdocs\new attendance\attendance-project2/temp/temp_69db804cdef29.jpg"
[2026-04-12 13:21:48] Executing command: python "C:\xampp\htdocs\new attendance\attendance-project2/python/realtime_recognition.py" "C:\xampp\htdocs\new attendance\attendance-project2/temp/temp_69db804cdfa8f.jpg"
[2026-04-12 13:21:49] Python output: Array
(
    [0] => {"success": true, "student_id": "1", "confidence": 40.059487406760155, "raw_distance": 89.91, "face_location": {"x": 198, "y": 171, "width": 213, "height": 213}}
)

[2026-04-12 13:21:49] Python output: Array
(
    [0] => {"success": true, "student_id": "1", "confidence": 40.059487406760155, "raw_distance": 89.91, "face_location": {"x": 198, "y": 171, "width": 213, "height": 213}}
)

[2026-04-12 13:21:49] Executing command: python "C:\xampp\htdocs\new attendance\attendance-project2/python/realtime_recognition.py" "C:\xampp\htdocs\new attendance\attendance-project2/temp/temp_69db804de0c90.jpg"
[2026-04-12 13:21:49] Executing command: python "C:\xampp\htdocs\new attendance\attendance-project2/python/realtime_recognition.py" "C:\xampp\htdocs\new attendance\attendance-project2/temp/temp_69db804de281c.jpg"
[2026-04-12 13:21:50] Python output: Array
(
    [0] => {"success": true, "student_id": "1", "confidence": 40.43556222493331, "raw_distance": 89.35, "face_location": {"x": 202, "y": 169, "width": 212, "height": 212}}
)

[2026-04-12 13:21:50] Python output: Array
(
    [0] => {"success": true, "student_id": "1", "confidence": 40.43556222493331, "raw_distance": 89.35, "face_location": {"x": 202, "y": 169, "width": 212, "height": 212}}
)

[2026-04-12 13:21:50] Executing command: python "C:\xampp\htdocs\new attendance\attendance-project2/python/realtime_recognition.py" "C:\xampp\htdocs\new attendance\attendance-project2/temp/temp_69db804edf27e.jpg"
[2026-04-12 13:21:50] Executing command: python "C:\xampp\htdocs\new attendance\attendance-project2/python/realtime_recognition.py" "C:\xampp\htdocs\new attendance\attendance-project2/temp/temp_69db804ee0d69.jpg"
[2026-04-12 13:21:51] Python output: Array
(
    [0] => {"success": true, "student_id": "1", "confidence": 40.20122801264662, "raw_distance": 89.7, "face_location": {"x": 204, "y": 167, "width": 207, "height": 207}}
)

[2026-04-12 13:21:51] Python output: Array
(
    [0] => {"success": true, "student_id": "1", "confidence": 40.20122801264662, "raw_distance": 89.7, "face_location": {"x": 204, "y": 167, "width": 207, "height": 207}}
)

[2026-04-12 13:21:51] Executing command: python "C:\xampp\htdocs\new attendance\attendance-project2/python/realtime_recognition.py" "C:\xampp\htdocs\new attendance\attendance-project2/temp/temp_69db804fdcf87.jpg"
[2026-04-12 13:21:51] Executing command: python "C:\xampp\htdocs\new attendance\attendance-project2/python/realtime_recognition.py" "C:\xampp\htdocs\new attendance\attendance-project2/temp/temp_69db804fe05a5.jpg"
[2026-04-12 13:21:52] Python output: Array
(
    [0] => {"success": true, "student_id": "1", "confidence": 38.38405291880094, "raw_distance": 92.42, "face_location": {"x": 202, "y": 164, "width": 215, "height": 215}}
)

[2026-04-12 13:21:52] Python output: Array
(
    [0] => {"success": true, "student_id": "1", "confidence": 38.38405291880094, "raw_distance": 92.42, "face_location": {"x": 202, "y": 164, "width": 215, "height": 215}}
)

[2026-04-20 18:28:13] Executing command: python "C:\xampp\htdocs\new attendance\attendance-project2/python/realtime_recognition.py" "C:\xampp\htdocs\new attendance\attendance-project2/temp/temp_69e6541d1af24.jpg"
[2026-04-20 18:28:13] Executing command: python "C:\xampp\htdocs\new attendance\attendance-project2/python/realtime_recognition.py" "C:\xampp\htdocs\new attendance\attendance-project2/temp/temp_69e6541d1b057.jpg"
[2026-04-20 18:28:14] Python output: Array
(
    [0] => {"success": true, "student_id": "2", "confidence": 60.6397263521565, "raw_distance": 59.04, "face_location": {"x": 235, "y": 141, "width": 180, "height": 180}}
)

[2026-04-20 18:28:14] Python output: Array
(
    [0] => {"success": true, "student_id": "2", "confidence": 60.6397263521565, "raw_distance": 59.04, "face_location": {"x": 235, "y": 141, "width": 180, "height": 180}}
)

[2026-04-20 18:28:15] Executing command: python "C:\xampp\htdocs\new attendance\attendance-project2/python/realtime_recognition.py" "C:\xampp\htdocs\new attendance\attendance-project2/temp/temp_69e6541f0ecec.jpg"
[2026-04-20 18:28:15] Python output: Array
(
    [0] => {"success": true, "student_id": "2", "confidence": 63.339783175816144, "raw_distance": 54.99, "face_location": {"x": 231, "y": 140, "width": 181, "height": 181}}
)

[2026-04-20 18:28:16] Executing command: python "C:\xampp\htdocs\new attendance\attendance-project2/python/realtime_recognition.py" "C:\xampp\htdocs\new attendance\attendance-project2/temp/temp_69e654200d65e.jpg"
[2026-04-20 18:28:16] Python output: Array
(
    [0] => {"success": true, "student_id": "2", "confidence": 61.05601334623722, "raw_distance": 58.42, "face_location": {"x": 228, "y": 144, "width": 180, "height": 180}}
)

[2026-04-20 18:28:17] Executing command: python "C:\xampp\htdocs\new attendance\attendance-project2/python/realtime_recognition.py" "C:\xampp\htdocs\new attendance\attendance-project2/temp/temp_69e654210d36f.jpg"
[2026-04-20 18:28:17] Python output: Array
(
    [0] => {"success": true, "student_id": "2", "confidence": 61.86556798489541, "raw_distance": 57.2, "face_location": {"x": 228, "y": 145, "width": 179, "height": 179}}
)

[2026-04-20 18:28:18] Executing command: python "C:\xampp\htdocs\new attendance\attendance-project2/python/realtime_recognition.py" "C:\xampp\htdocs\new attendance\attendance-project2/temp/temp_69e654220e60b.jpg"
[2026-04-20 18:28:18] Executing command: python "C:\xampp\htdocs\new attendance\attendance-project2/python/realtime_recognition.py" "C:\xampp\htdocs\new attendance\attendance-project2/temp/temp_69e6542289ab7.jpg"
[2026-04-20 18:28:19] Python output: Array
(
    [0] => {"success": true, "student_id": "2", "confidence": 61.982007884109144, "raw_distance": 57.03, "face_location": {"x": 227, "y": 143, "width": 181, "height": 181}}
)

[2026-04-20 18:28:19] Executing command: python "C:\xampp\htdocs\new attendance\attendance-project2/python/realtime_recognition.py" "C:\xampp\htdocs\new attendance\attendance-project2/temp/temp_69e6542387e25.jpg"
[2026-04-20 18:28:19] Python output: Array
(
    [0] => {"success": true, "student_id": "2", "confidence": 62.24442782821351, "raw_distance": 56.63, "face_location": {"x": 228, "y": 144, "width": 180, "height": 180}}
)

[2026-04-20 18:28:20] Executing command: python "C:\xampp\htdocs\new attendance\attendance-project2/python/realtime_recognition.py" "C:\xampp\htdocs\new attendance\attendance-project2/temp/temp_69e654240dbbc.jpg"
[2026-04-20 18:28:20] Python output: Array
(
    [0] => {"success": true, "student_id": "2", "confidence": 62.86192269052877, "raw_distance": 55.71, "face_location": {"x": 229, "y": 142, "width": 181, "height": 181}}
)

[2026-04-20 18:28:21] Executing command: python "C:\xampp\htdocs\new attendance\attendance-project2/python/realtime_recognition.py" "C:\xampp\htdocs\new attendance\attendance-project2/temp/temp_69e654250e7da.jpg"
[2026-04-20 18:28:21] Python output: Array
(
    [0] => {"success": true, "student_id": "2", "confidence": 63.54944903897888, "raw_distance": 54.68, "face_location": {"x": 231, "y": 141, "width": 183, "height": 183}}
)

[2026-04-20 18:28:21] Executing command: python "C:\xampp\htdocs\new attendance\attendance-project2/python/realtime_recognition.py" "C:\xampp\htdocs\new attendance\attendance-project2/temp/temp_69e654258af4a.jpg"
[2026-04-20 18:28:22] Python output: Array
(
    [0] => {"success": true, "student_id": "2", "confidence": 61.66830136437977, "raw_distance": 57.5, "face_location": {"x": 226, "y": 143, "width": 182, "height": 182}}
)

[2026-04-20 18:28:22] Executing command: python "C:\xampp\htdocs\new attendance\attendance-project2/python/realtime_recognition.py" "C:\xampp\htdocs\new attendance\attendance-project2/temp/temp_69e6542688f8a.jpg"
[2026-04-20 18:28:22] Python output: Array
(
    [0] => {"success": true, "student_id": "1", "confidence": 62.86600441337418, "raw_distance": 55.7, "face_location": {"x": 231, "y": 147, "width": 183, "height": 183}}
)

[2026-04-20 18:28:23] Python output: Array
(
    [0] => {"success": true, "student_id": "1", "confidence": 62.46197820054196, "raw_distance": 56.31, "face_location": {"x": 229, "y": 148, "width": 183, "height": 183}}
)

[2026-04-20 18:28:24] Executing command: python "C:\xampp\htdocs\new attendance\attendance-project2/python/realtime_recognition.py" "C:\xampp\htdocs\new attendance\attendance-project2/temp/temp_69e654280d924.jpg"
[2026-04-20 18:28:25] Python output: Array
(
    [0] => {"success": true, "student_id": "1", "confidence": 63.132751396828745, "raw_distance": 55.3, "face_location": {"x": 229, "y": 146, "width": 182, "height": 182}}
)

[2026-04-20 18:28:25] Executing command: python "C:\xampp\htdocs\new attendance\attendance-project2/python/realtime_recognition.py" "C:\xampp\htdocs\new attendance\attendance-project2/temp/temp_69e65429105d5.jpg"
[2026-04-20 18:28:26] Python output: Array
(
    [0] => {"success": true, "student_id": "1", "confidence": 63.17828597104537, "raw_distance": 55.23, "face_location": {"x": 229, "y": 146, "width": 183, "height": 183}}
)

[2026-04-20 18:30:12] Executing command: python "C:\xampp\htdocs\new attendance\attendance-project2/python/realtime_recognition.py" "C:\xampp\htdocs\new attendance\attendance-project2/temp/temp_69e65494e078f.jpg"
[2026-04-20 18:30:12] Executing command: python "C:\xampp\htdocs\new attendance\attendance-project2/python/realtime_recognition.py" "C:\xampp\htdocs\new attendance\attendance-project2/temp/temp_69e65494e189d.jpg"
[2026-04-20 18:30:14] Python output: Array
(
    [0] => {"success": true, "student_id": "1", "confidence": 39.26749587684058, "raw_distance": 91.1, "face_location": {"x": 149, "y": 15, "width": 356, "height": 356}}
)

[2026-04-20 18:30:14] Python output: Array
(
    [0] => {"success": true, "student_id": "1", "confidence": 39.26749587684058, "raw_distance": 91.1, "face_location": {"x": 149, "y": 15, "width": 356, "height": 356}}
)

[2026-04-20 18:30:14] Executing command: python "C:\xampp\htdocs\new attendance\attendance-project2/python/realtime_recognition.py" "C:\xampp\htdocs\new attendance\attendance-project2/temp/temp_69e6549669269.jpg"
[2026-04-20 18:30:14] Executing command: python "C:\xampp\htdocs\new attendance\attendance-project2/python/realtime_recognition.py" "C:\xampp\htdocs\new attendance\attendance-project2/temp/temp_69e6549669e91.jpg"
[2026-04-20 18:30:15] Python output: Array
(
    [0] => {"success": true, "student_id": "1", "confidence": 40.07360573404686, "raw_distance": 89.89, "face_location": {"x": 147, "y": 15, "width": 346, "height": 346}}
)

[2026-04-20 18:30:15] Python output: Array
(
    [0] => {"success": true, "student_id": "1", "confidence": 40.07360573404686, "raw_distance": 89.89, "face_location": {"x": 147, "y": 15, "width": 346, "height": 346}}
)

[2026-04-20 18:30:15] Executing command: python "C:\xampp\htdocs\new attendance\attendance-project2/python/realtime_recognition.py" "C:\xampp\htdocs\new attendance\attendance-project2/temp/temp_69e65497de27d.jpg"
[2026-04-20 18:30:15] Executing command: python "C:\xampp\htdocs\new attendance\attendance-project2/python/realtime_recognition.py" "C:\xampp\htdocs\new attendance\attendance-project2/temp/temp_69e65497e003c.jpg"
[2026-04-20 18:30:17] Python output: Array
(
    [0] => {"success": true, "student_id": "1", "confidence": 38.62714371338909, "raw_distance": 92.06, "face_location": {"x": 146, "y": 14, "width": 349, "height": 349}}
)

[2026-04-20 18:30:17] Executing command: python "C:\xampp\htdocs\new attendance\attendance-project2/python/realtime_recognition.py" "C:\xampp\htdocs\new attendance\attendance-project2/temp/temp_69e654996483a.jpg"
[2026-04-20 18:30:17] Executing command: python "C:\xampp\htdocs\new attendance\attendance-project2/python/realtime_recognition.py" "C:\xampp\htdocs\new attendance\attendance-project2/temp/temp_69e6549965d2e.jpg"
[2026-04-20 18:30:18] Python output: Array
(
    [0] => {"success": true, "student_id": "1", "confidence": 38.13838722295693, "raw_distance": 92.79, "face_location": {"x": 145, "y": 17, "width": 352, "height": 352}}
)

[2026-04-20 18:30:18] Executing command: python "C:\xampp\htdocs\new attendance\attendance-project2/python/realtime_recognition.py" "C:\xampp\htdocs\new attendance\attendance-project2/temp/temp_69e6549add59c.jpg"
[2026-04-20 18:30:18] Executing command: python "C:\xampp\htdocs\new attendance\attendance-project2/python/realtime_recognition.py" "C:\xampp\htdocs\new attendance\attendance-project2/temp/temp_69e6549adeb3b.jpg"
[2026-04-20 18:30:19] Python output: Array
(
    [0] => {"success": true, "student_id": "2", "confidence": 38.911572854070776, "raw_distance": 91.63, "face_location": {"x": 141, "y": 15, "width": 356, "height": 356}}
)

[2026-04-20 18:30:19] Python output: Array
(
    [0] => {"success": true, "student_id": "2", "confidence": 38.911572854070776, "raw_distance": 91.63, "face_location": {"x": 141, "y": 15, "width": 356, "height": 356}}
)

[2026-04-20 18:30:20] Executing command: python "C:\xampp\htdocs\new attendance\attendance-project2/python/realtime_recognition.py" "C:\xampp\htdocs\new attendance\attendance-project2/temp/temp_69e6549c61e29.jpg"
[2026-04-20 18:30:20] Executing command: python "C:\xampp\htdocs\new attendance\attendance-project2/python/realtime_recognition.py" "C:\xampp\htdocs\new attendance\attendance-project2/temp/temp_69e6549c642da.jpg"
[2026-04-20 18:30:21] Python output: Array
(
    [0] => {"success": true, "student_id": "1", "confidence": 39.87591983175888, "raw_distance": 90.19, "face_location": {"x": 139, "y": 17, "width": 350, "height": 350}}
)

[2026-04-20 18:30:21] Python output: Array
(
    [0] => {"success": true, "student_id": "1", "confidence": 39.87591983175888, "raw_distance": 90.19, "face_location": {"x": 139, "y": 17, "width": 350, "height": 350}}
)

[2026-04-20 18:30:21] Executing command: python "C:\xampp\htdocs\new attendance\attendance-project2/python/realtime_recognition.py" "C:\xampp\htdocs\new attendance\attendance-project2/temp/temp_69e6549ddd836.jpg"
[2026-04-20 18:30:21] Executing command: python "C:\xampp\htdocs\new attendance\attendance-project2/python/realtime_recognition.py" "C:\xampp\htdocs\new attendance\attendance-project2/temp/temp_69e6549dde659.jpg"
[2026-04-20 18:30:22] Python output: Array
(
    [0] => {"success": true, "student_id": "1", "confidence": 34.29686768776299, "raw_distance": 98.55, "face_location": {"x": 139, "y": 15, "width": 338, "height": 338}}
)

[2026-04-20 18:30:22] Python output: Array
(
    [0] => {"success": true, "student_id": "1", "confidence": 34.29686768776299, "raw_distance": 98.55, "face_location": {"x": 139, "y": 15, "width": 338, "height": 338}}
)

[2026-04-20 18:30:23] Executing command: python "C:\xampp\htdocs\new attendance\attendance-project2/python/realtime_recognition.py" "C:\xampp\htdocs\new attendance\attendance-project2/temp/temp_69e6549f64913.jpg"
[2026-04-20 18:30:23] Executing command: python "C:\xampp\htdocs\new attendance\attendance-project2/python/realtime_recognition.py" "C:\xampp\htdocs\new attendance\attendance-project2/temp/temp_69e6549f6589d.jpg"
[2026-04-20 18:30:24] Python output: Array
(
    [0] => {"success": true, "student_id": "1", "confidence": 31.05738449267018, "raw_distance": 103.41, "face_location": {"x": 92, "y": 37, "width": 376, "height": 376}}
)

[2026-04-20 18:30:24] Python output: Array
(
    [0] => {"success": true, "student_id": "1", "confidence": 31.05738449267018, "raw_distance": 103.41, "face_location": {"x": 92, "y": 37, "width": 376, "height": 376}}
)

[2026-04-20 18:30:24] Executing command: python "C:\xampp\htdocs\new attendance\attendance-project2/python/realtime_recognition.py" "C:\xampp\htdocs\new attendance\attendance-project2/temp/temp_69e654a0dcb86.jpg"
[2026-04-20 18:30:24] Executing command: python "C:\xampp\htdocs\new attendance\attendance-project2/python/realtime_recognition.py" "C:\xampp\htdocs\new attendance\attendance-project2/temp/temp_69e654a0de2da.jpg"
[2026-04-20 18:30:26] Python output: Array
(
    [0] => {"success": true, "student_id": "1", "confidence": 33.645558420432806, "raw_distance": 99.53, "face_location": {"x": 128, "y": 27, "width": 364, "height": 364}}
)

[2026-04-20 18:30:26] Executing command: python "C:\xampp\htdocs\new attendance\attendance-project2/python/realtime_recognition.py" "C:\xampp\htdocs\new attendance\attendance-project2/temp/temp_69e654a2632cc.jpg"
[2026-04-20 18:30:26] Executing command: python "C:\xampp\htdocs\new attendance\attendance-project2/python/realtime_recognition.py" "C:\xampp\htdocs\new attendance\attendance-project2/temp/temp_69e654a264553.jpg"
[2026-04-20 18:30:27] Python output: Array
(
    [0] => {"success": true, "student_id": "1", "confidence": 33.782592793234265, "raw_distance": 99.33, "face_location": {"x": 122, "y": 26, "width": 362, "height": 362}}
)

[2026-04-20 18:30:27] Python output: Array
(
    [0] => {"success": true, "student_id": "1", "confidence": 33.782592793234265, "raw_distance": 99.33, "face_location": {"x": 122, "y": 26, "width": 362, "height": 362}}
)

[2026-04-20 18:30:27] Executing command: python "C:\xampp\htdocs\new attendance\attendance-project2/python/realtime_recognition.py" "C:\xampp\htdocs\new attendance\attendance-project2/temp/temp_69e654a3dcb97.jpg"
[2026-04-20 18:30:27] Executing command: python "C:\xampp\htdocs\new attendance\attendance-project2/python/realtime_recognition.py" "C:\xampp\htdocs\new attendance\attendance-project2/temp/temp_69e654a3de127.jpg"
[2026-04-20 18:30:28] Python output: Array
(
    [0] => {"success": true, "student_id": "1", "confidence": 30.597408465961283, "raw_distance": 104.1, "face_location": {"x": 114, "y": 62, "width": 340, "height": 340}}
)

[2026-04-20 18:30:28] Python output: Array
(
    [0] => {"success": true, "student_id": "1", "confidence": 30.597408465961283, "raw_distance": 104.1, "face_location": {"x": 114, "y": 62, "width": 340, "height": 340}}
)

[2026-04-20 18:30:29] Executing command: python "C:\xampp\htdocs\new attendance\attendance-project2/python/realtime_recognition.py" "C:\xampp\htdocs\new attendance\attendance-project2/temp/temp_69e654a564eed.jpg"
[2026-04-20 18:30:29] Executing command: python "C:\xampp\htdocs\new attendance\attendance-project2/python/realtime_recognition.py" "C:\xampp\htdocs\new attendance\attendance-project2/temp/temp_69e654a566302.jpg"
[2026-04-20 18:30:30] Python output: Array
(
    [0] => {"success": true, "student_id": "Unknown", "confidence": 0, "raw_distance": 112.61, "face_location": {"x": 112, "y": 59, "width": 351, "height": 351}}
)

[2026-04-20 18:30:30] Python output: Array
(
    [0] => {"success": true, "student_id": "Unknown", "confidence": 0, "raw_distance": 112.61, "face_location": {"x": 112, "y": 59, "width": 351, "height": 351}}
)

[2026-04-20 18:30:30] Executing command: python "C:\xampp\htdocs\new attendance\attendance-project2/python/realtime_recognition.py" "C:\xampp\htdocs\new attendance\attendance-project2/temp/temp_69e654a6dec1f.jpg"
[2026-04-20 18:30:30] Executing command: python "C:\xampp\htdocs\new attendance\attendance-project2/python/realtime_recognition.py" "C:\xampp\htdocs\new attendance\attendance-project2/temp/temp_69e654a6dfbad.jpg"
[2026-04-20 18:30:31] Python output: Array
(
    [0] => {"success": true, "student_id": "Unknown", "confidence": 0, "raw_distance": 116.4, "face_location": {"x": 505, "y": 54, "width": 103, "height": 103}}
)

[2026-04-20 18:30:31] Python output: Array
(
    [0] => {"success": true, "student_id": "Unknown", "confidence": 0, "raw_distance": 116.4, "face_location": {"x": 505, "y": 54, "width": 103, "height": 103}}
)

[2026-04-20 18:30:32] Executing command: python "C:\xampp\htdocs\new attendance\attendance-project2/python/realtime_recognition.py" "C:\xampp\htdocs\new attendance\attendance-project2/temp/temp_69e654a863ad6.jpg"
[2026-04-20 18:30:32] Executing command: python "C:\xampp\htdocs\new attendance\attendance-project2/python/realtime_recognition.py" "C:\xampp\htdocs\new attendance\attendance-project2/temp/temp_69e654a8647ee.jpg"
[2026-04-20 18:30:33] Python output: Array
(
    [0] => {"success": true, "student_id": "Unknown", "confidence": 0, "raw_distance": 118.06, "face_location": {"x": 496, "y": 48, "width": 115, "height": 115}}
)

[2026-04-20 18:30:33] Python output: Array
(
    [0] => {"success": true, "student_id": "Unknown", "confidence": 0, "raw_distance": 118.06, "face_location": {"x": 496, "y": 48, "width": 115, "height": 115}}
)

[2026-04-20 18:30:33] Executing command: python "C:\xampp\htdocs\new attendance\attendance-project2/python/realtime_recognition.py" "C:\xampp\htdocs\new attendance\attendance-project2/temp/temp_69e654a9e0344.jpg"
[2026-04-20 18:30:33] Executing command: python "C:\xampp\htdocs\new attendance\attendance-project2/python/realtime_recognition.py" "C:\xampp\htdocs\new attendance\attendance-project2/temp/temp_69e654a9e0e1b.jpg"
[2026-04-20 18:30:35] Python output: Array
(
    [0] => {"success": true, "student_id": "1", "confidence": 32.55008345890455, "raw_distance": 101.17, "face_location": {"x": 133, "y": 20, "width": 340, "height": 340}}
)

[2026-04-20 18:30:35] Python output: Array
(
    [0] => {"success": true, "student_id": "1", "confidence": 32.55008345890455, "raw_distance": 101.17, "face_location": {"x": 133, "y": 20, "width": 340, "height": 340}}
)

[2026-04-20 18:30:35] Executing command: python "C:\xampp\htdocs\new attendance\attendance-project2/python/realtime_recognition.py" "C:\xampp\htdocs\new attendance\attendance-project2/temp/temp_69e654ab662bf.jpg"
[2026-04-20 18:30:35] Executing command: python "C:\xampp\htdocs\new attendance\attendance-project2/python/realtime_recognition.py" "C:\xampp\htdocs\new attendance\attendance-project2/temp/temp_69e654ab67fe9.jpg"
[2026-04-20 18:30:36] Python output: Array
(
    [0] => {"success": true, "student_id": "1", "confidence": 34.99659157084866, "raw_distance": 97.51, "face_location": {"x": 161, "y": 32, "width": 339, "height": 339}}
)

[2026-04-20 18:30:36] Python output: Array
(
    [0] => {"success": true, "student_id": "1", "confidence": 34.99659157084866, "raw_distance": 97.51, "face_location": {"x": 161, "y": 32, "width": 339, "height": 339}}
)

[2026-04-20 18:30:36] Executing command: python "C:\xampp\htdocs\new attendance\attendance-project2/python/realtime_recognition.py" "C:\xampp\htdocs\new attendance\attendance-project2/temp/temp_69e654acdfa36.jpg"
[2026-04-20 18:30:36] Executing command: python "C:\xampp\htdocs\new attendance\attendance-project2/python/realtime_recognition.py" "C:\xampp\htdocs\new attendance\attendance-project2/temp/temp_69e654ace22a0.jpg"
[2026-04-20 18:30:37] Python output: Array
(
    [0] => {"success": true, "student_id": "1", "confidence": 32.786492340941145, "raw_distance": 100.82, "face_location": {"x": 148, "y": 48, "width": 344, "height": 344}}
)

[2026-04-20 18:30:37] Python output: Array
(
    [0] => {"success": true, "student_id": "1", "confidence": 32.786492340941145, "raw_distance": 100.82, "face_location": {"x": 148, "y": 48, "width": 344, "height": 344}}
)

[2026-04-20 18:30:38] Executing command: python "C:\xampp\htdocs\new attendance\attendance-project2/python/realtime_recognition.py" "C:\xampp\htdocs\new attendance\attendance-project2/temp/temp_69e654ae66cab.jpg"
[2026-04-20 18:30:38] Executing command: python "C:\xampp\htdocs\new attendance\attendance-project2/python/realtime_recognition.py" "C:\xampp\htdocs\new attendance\attendance-project2/temp/temp_69e654ae67f86.jpg"
[2026-04-20 18:30:39] Python output: Array
(
    [0] => {"success": true, "student_id": "1", "confidence": 33.071435907788114, "raw_distance": 100.39, "face_location": {"x": 147, "y": 50, "width": 343, "height": 343}}
)

[2026-04-20 18:30:39] Executing command: python "C:\xampp\htdocs\new attendance\attendance-project2/python/realtime_recognition.py" "C:\xampp\htdocs\new attendance\attendance-project2/temp/temp_69e654afe0adc.jpg"
[2026-04-20 18:30:39] Executing command: python "C:\xampp\htdocs\new attendance\attendance-project2/python/realtime_recognition.py" "C:\xampp\htdocs\new attendance\attendance-project2/temp/temp_69e654afe21a1.jpg"
[2026-04-20 18:30:41] Python output: Array
(
    [0] => {"success": true, "student_id": "1", "confidence": 33.27734515728306, "raw_distance": 100.08, "face_location": {"x": 143, "y": 51, "width": 347, "height": 347}}
)

[2026-04-20 18:30:41] Python output: Array
(
    [0] => {"success": true, "student_id": "1", "confidence": 33.27734515728306, "raw_distance": 100.08, "face_location": {"x": 143, "y": 51, "width": 347, "height": 347}}
)

[2026-04-20 18:30:41] Executing command: python "C:\xampp\htdocs\new attendance\attendance-project2/python/realtime_recognition.py" "C:\xampp\htdocs\new attendance\attendance-project2/temp/temp_69e654b1641c2.jpg"
[2026-04-20 18:30:41] Executing command: python "C:\xampp\htdocs\new attendance\attendance-project2/python/realtime_recognition.py" "C:\xampp\htdocs\new attendance\attendance-project2/temp/temp_69e654b167e65.jpg"
[2026-04-20 18:30:42] Python output: Array
(
    [0] => {"success": true, "student_id": "1", "confidence": 36.82530404483605, "raw_distance": 94.76, "face_location": {"x": 145, "y": 36, "width": 338, "height": 338}}
)

[2026-04-20 18:30:42] Python output: Array
(
    [0] => {"success": true, "student_id": "1", "confidence": 36.82530404483605, "raw_distance": 94.76, "face_location": {"x": 145, "y": 36, "width": 338, "height": 338}}
)

[2026-04-20 18:30:42] Executing command: python "C:\xampp\htdocs\new attendance\attendance-project2/python/realtime_recognition.py" "C:\xampp\htdocs\new attendance\attendance-project2/temp/temp_69e654b2de3b0.jpg"
[2026-04-20 18:30:42] Executing command: python "C:\xampp\htdocs\new attendance\attendance-project2/python/realtime_recognition.py" "C:\xampp\htdocs\new attendance\attendance-project2/temp/temp_69e654b2df154.jpg"
[2026-04-20 18:30:43] Python output: Array
(
    [0] => {"success": true, "student_id": "2", "confidence": 41.381780745895334, "raw_distance": 87.93, "face_location": {"x": 157, "y": 23, "width": 341, "height": 341}}
)

[2026-04-20 18:30:43] Python output: Array
(
    [0] => {"success": true, "student_id": "2", "confidence": 41.381780745895334, "raw_distance": 87.93, "face_location": {"x": 157, "y": 23, "width": 341, "height": 341}}
)

[2026-04-20 18:30:44] Executing command: python "C:\xampp\htdocs\new attendance\attendance-project2/python/realtime_recognition.py" "C:\xampp\htdocs\new attendance\attendance-project2/temp/temp_69e654b463a16.jpg"
[2026-04-20 18:30:44] Executing command: python "C:\xampp\htdocs\new attendance\attendance-project2/python/realtime_recognition.py" "C:\xampp\htdocs\new attendance\attendance-project2/temp/temp_69e654b468049.jpg"
[2026-04-20 18:30:45] Python output: Array
(
    [0] => {"success": true, "student_id": "1", "confidence": 39.69693161687078, "raw_distance": 90.45, "face_location": {"x": 202, "y": 15, "width": 322, "height": 322}}
)

[2026-04-20 18:30:45] Python output: Array
(
    [0] => {"success": true, "student_id": "1", "confidence": 39.69693161687078, "raw_distance": 90.45, "face_location": {"x": 202, "y": 15, "width": 322, "height": 322}}
)

[2026-04-20 18:30:45] Executing command: python "C:\xampp\htdocs\new attendance\attendance-project2/python/realtime_recognition.py" "C:\xampp\htdocs\new attendance\attendance-project2/temp/temp_69e654b5de759.jpg"
[2026-04-20 18:30:45] Executing command: python "C:\xampp\htdocs\new attendance\attendance-project2/python/realtime_recognition.py" "C:\xampp\htdocs\new attendance\attendance-project2/temp/temp_69e654b5df012.jpg"
[2026-04-20 18:30:47] Python output: Array
(
    [0] => {"success": true, "student_id": "1", "confidence": 39.36031324653755, "raw_distance": 90.96, "face_location": {"x": 161, "y": 27, "width": 350, "height": 350}}
)

[2026-04-20 18:30:47] Python output: Array
(
    [0] => {"success": true, "student_id": "1", "confidence": 39.36031324653755, "raw_distance": 90.96, "face_location": {"x": 161, "y": 27, "width": 350, "height": 350}}
)

[2026-04-20 18:30:47] Executing command: python "C:\xampp\htdocs\new attendance\attendance-project2/python/realtime_recognition.py" "C:\xampp\htdocs\new attendance\attendance-project2/temp/temp_69e654b768069.jpg"
[2026-04-20 18:30:47] Executing command: python "C:\xampp\htdocs\new attendance\attendance-project2/python/realtime_recognition.py" "C:\xampp\htdocs\new attendance\attendance-project2/temp/temp_69e654b769427.jpg"
[2026-04-20 18:30:48] Python output: Array
(
    [0] => {"success": true, "student_id": "1", "confidence": 38.90822095969849, "raw_distance": 91.64, "face_location": {"x": 162, "y": 31, "width": 348, "height": 348}}
)

