2026-04-12 12:42:05 - Starting student registration process
2026-04-12 12:42:05 - Student details: {"name":"Sujal Chitrakar","reg":"12312323"}
2026-04-12 12:42:05 - Base directory: C:\xampp\htdocs\new attendance\attendance-project2
2026-04-12 12:42:05 - Python script path: C:\xampp\htdocs\new attendance\attendance-project2/python/realtime_recognition.py
2026-04-12 12:42:05 - Creating student directory: C:\xampp\htdocs\new attendance\attendance-project2/students/12312323
2026-04-12 12:42:05 - Creating student directory: C:\xampp\htdocs\new attendance\attendance-project2/validated_faces/student12312323
2026-04-12 12:42:05 - Creating student directory: resources/labels/12312323
2026-04-12 12:42:05 - Processing image 1 for student 12312323
2026-04-12 12:42:05 - Saved image to: C:\xampp\htdocs\new attendance\attendance-project2/students/12312323/face_1.jpg
2026-04-12 12:42:05 - Saved image to: C:\xampp\htdocs\new attendance\attendance-project2/validated_faces/student12312323/face_1.jpg
2026-04-12 12:42:05 - Saved image to: resources/labels/12312323/face_1.jpg
2026-04-12 12:42:05 - Processing image 2 for student 12312323
2026-04-12 12:42:05 - Saved image to: C:\xampp\htdocs\new attendance\attendance-project2/students/12312323/face_2.jpg
2026-04-12 12:42:05 - Saved image to: C:\xampp\htdocs\new attendance\attendance-project2/validated_faces/student12312323/face_2.jpg
2026-04-12 12:42:05 - Saved image to: resources/labels/12312323/face_2.jpg
2026-04-12 12:42:05 - Processing image 3 for student 12312323
2026-04-12 12:42:05 - Saved image to: C:\xampp\htdocs\new attendance\attendance-project2/students/12312323/face_3.jpg
2026-04-12 12:42:05 - Saved image to: C:\xampp\htdocs\new attendance\attendance-project2/validated_faces/student12312323/face_3.jpg
2026-04-12 12:42:05 - Saved image to: resources/labels/12312323/face_3.jpg
2026-04-12 12:42:05 - Processing image 4 for student 12312323
2026-04-12 12:42:05 - Saved image to: C:\xampp\htdocs\new attendance\attendance-project2/students/12312323/face_4.jpg
2026-04-12 12:42:05 - Saved image to: C:\xampp\htdocs\new attendance\attendance-project2/validated_faces/student12312323/face_4.jpg
2026-04-12 12:42:05 - Saved image to: resources/labels/12312323/face_4.jpg
2026-04-12 12:42:05 - Processing image 5 for student 12312323
2026-04-12 12:42:05 - Saved image to: C:\xampp\htdocs\new attendance\attendance-project2/students/12312323/face_5.jpg
2026-04-12 12:42:05 - Saved image to: C:\xampp\htdocs\new attendance\attendance-project2/validated_faces/student12312323/face_5.jpg
2026-04-12 12:42:05 - Saved image to: resources/labels/12312323/face_5.jpg
2026-04-12 12:42:05 - Processing image 6 for student 12312323
2026-04-12 12:42:05 - Saved image to: C:\xampp\htdocs\new attendance\attendance-project2/students/12312323/face_6.jpg
2026-04-12 12:42:05 - Saved image to: C:\xampp\htdocs\new attendance\attendance-project2/validated_faces/student12312323/face_6.jpg
2026-04-12 12:42:05 - Saved image to: resources/labels/12312323/face_6.jpg
2026-04-12 12:42:05 - Processing image 7 for student 12312323
2026-04-12 12:42:05 - Saved image to: C:\xampp\htdocs\new attendance\attendance-project2/students/12312323/face_7.jpg
2026-04-12 12:42:05 - Saved image to: C:\xampp\htdocs\new attendance\attendance-project2/validated_faces/student12312323/face_7.jpg
2026-04-12 12:42:05 - Saved image to: resources/labels/12312323/face_7.jpg
2026-04-12 12:42:05 - Processing image 8 for student 12312323
2026-04-12 12:42:05 - Saved image to: C:\xampp\htdocs\new attendance\attendance-project2/students/12312323/face_8.jpg
2026-04-12 12:42:05 - Saved image to: C:\xampp\htdocs\new attendance\attendance-project2/validated_faces/student12312323/face_8.jpg
2026-04-12 12:42:05 - Saved image to: resources/labels/12312323/face_8.jpg
2026-04-12 12:42:05 - Processing image 9 for student 12312323
2026-04-12 12:42:05 - Saved image to: C:\xampp\htdocs\new attendance\attendance-project2/students/12312323/face_9.jpg
2026-04-12 12:42:05 - Saved image to: C:\xampp\htdocs\new attendance\attendance-project2/validated_faces/student12312323/face_9.jpg
2026-04-12 12:42:05 - Saved image to: resources/labels/12312323/face_9.jpg
2026-04-12 12:42:05 - Processing image 10 for student 12312323
2026-04-12 12:42:05 - Saved image to: C:\xampp\htdocs\new attendance\attendance-project2/students/12312323/face_10.jpg
2026-04-12 12:42:05 - Saved image to: C:\xampp\htdocs\new attendance\attendance-project2/validated_faces/student12312323/face_10.jpg
2026-04-12 12:42:05 - Saved image to: resources/labels/12312323/face_10.jpg
2026-04-12 12:42:05 - Saved student info files
2026-04-12 12:42:05 - Executing command: python "C:\xampp\htdocs\new attendance\attendance-project2/python/realtime_recognition.py" --train
2026-04-12 12:42:15 - Command output: Array
(
    [0] => 2026-04-12 16:27:05,463 - INFO - Processing student 1 with label 0
    [1] => 2026-04-12 16:27:05,463 - INFO - Processing image: C:\xampp\htdocs\new attendance\attendance-project2\students\1\face_1.jpg
    [2] => 2026-04-12 16:27:05,717 - WARNING - Found 2 faces in face_1.jpg - skipping
    [3] => 2026-04-12 16:27:05,718 - INFO - Processing image: C:\xampp\htdocs\new attendance\attendance-project2\students\1\face_10.jpg
    [4] => 2026-04-12 16:27:05,760 - INFO - Successfully processed face from face_10.jpg
    [5] => 2026-04-12 16:27:05,760 - INFO - Processing image: C:\xampp\htdocs\new attendance\attendance-project2\students\1\face_2.jpg
    [6] => 2026-04-12 16:27:05,801 - WARNING - Found 2 faces in face_2.jpg - skipping
    [7] => 2026-04-12 16:27:05,801 - INFO - Processing image: C:\xampp\htdocs\new attendance\attendance-project2\students\1\face_3.jpg
    [8] => 2026-04-12 16:27:05,851 - INFO - Successfully processed face from face_3.jpg
    [9] => 2026-04-12 16:27:05,851 - INFO - Processing image: C:\xampp\htdocs\new attendance\attendance-project2\students\1\face_4.jpg
    [10] => 2026-04-12 16:27:05,894 - INFO - Successfully processed face from face_4.jpg
    [11] => 2026-04-12 16:27:05,895 - INFO - Processing image: C:\xampp\htdocs\new attendance\attendance-project2\students\1\face_5.jpg
    [12] => 2026-04-12 16:27:05,940 - INFO - Successfully processed face from face_5.jpg
    [13] => 2026-04-12 16:27:05,940 - INFO - Processing image: C:\xampp\htdocs\new attendance\attendance-project2\students\1\face_6.jpg
    [14] => 2026-04-12 16:27:05,983 - INFO - Successfully processed face from face_6.jpg
    [15] => 2026-04-12 16:27:05,983 - INFO - Processing image: C:\xampp\htdocs\new attendance\attendance-project2\students\1\face_7.jpg
    [16] => 2026-04-12 16:27:06,024 - INFO - Successfully processed face from face_7.jpg
    [17] => 2026-04-12 16:27:06,024 - INFO - Processing image: C:\xampp\htdocs\new attendance\attendance-project2\students\1\face_8.jpg
    [18] => 2026-04-12 16:27:06,066 - INFO - Successfully processed face from face_8.jpg
    [19] => 2026-04-12 16:27:06,066 - INFO - Processing image: C:\xampp\htdocs\new attendance\attendance-project2\students\1\face_9.jpg
    [20] => 2026-04-12 16:27:06,110 - INFO - Successfully processed face from face_9.jpg
    [21] => 2026-04-12 16:27:06,110 - INFO - Processed 8 faces for student 1
    [22] => 2026-04-12 16:27:06,110 - INFO - Processing student 123123 with label 1
    [23] => 2026-04-12 16:27:06,112 - INFO - Processing image: C:\xampp\htdocs\new attendance\attendance-project2\students\123123\face_1.jpg
    [24] => 2026-04-12 16:27:06,147 - INFO - Successfully processed face from face_1.jpg
    [25] => 2026-04-12 16:27:06,147 - INFO - Processing image: C:\xampp\htdocs\new attendance\attendance-project2\students\123123\face_10.jpg
    [26] => 2026-04-12 16:27:06,186 - INFO - Successfully processed face from face_10.jpg
    [27] => 2026-04-12 16:27:06,186 - INFO - Processing image: C:\xampp\htdocs\new attendance\attendance-project2\students\123123\face_2.jpg
    [28] => 2026-04-12 16:27:06,216 - INFO - Successfully processed face from face_2.jpg
    [29] => 2026-04-12 16:27:06,216 - INFO - Processing image: C:\xampp\htdocs\new attendance\attendance-project2\students\123123\face_3.jpg
    [30] => 2026-04-12 16:27:06,256 - INFO - Successfully processed face from face_3.jpg
    [31] => 2026-04-12 16:27:06,256 - INFO - Processing image: C:\xampp\htdocs\new attendance\attendance-project2\students\123123\face_4.jpg
    [32] => 2026-04-12 16:27:06,293 - INFO - Successfully processed face from face_4.jpg
    [33] => 2026-04-12 16:27:06,293 - INFO - Processing image: C:\xampp\htdocs\new attendance\attendance-project2\students\123123\face_5.jpg
    [34] => 2026-04-12 16:27:06,330 - INFO - Successfully processed face from face_5.jpg
    [35] => 2026-04-12 16:27:06,330 - INFO - Processing image: C:\xampp\htdocs\new attendance\attendance-project2\students\123123\face_6.jpg
    [36] => 2026-04-12 16:27:06,367 - INFO - Successfully processed face from face_6.jpg
    [37] => 2026-04-12 16:27:06,367 - INFO - Processing image: C:\xampp\htdocs\new attendance\attendance-project2\students\123123\face_7.jpg
    [38] => 2026-04-12 16:27:06,410 - INFO - Successfully processed face from face_7.jpg
    [39] => 2026-04-12 16:27:06,410 - INFO - Processing image: C:\xampp\htdocs\new attendance\attendance-project2\students\123123\face_8.jpg
    [40] => 2026-04-12 16:27:06,445 - INFO - Successfully processed face from face_8.jpg
    [41] => 2026-04-12 16:27:06,445 - INFO - Processing image: C:\xampp\htdocs\new attendance\attendance-project2\students\123123\face_9.jpg
    [42] => 2026-04-12 16:27:06,488 - INFO - Successfully processed face from face_9.jpg
    [43] => 2026-04-12 16:27:06,488 - INFO - Processed 10 faces for student 123123
    [44] => 2026-04-12 16:27:06,488 - INFO - Processing student 12312323 with label 2
    [45] => 2026-04-12 16:27:06,488 - INFO - Processing image: C:\xampp\htdocs\new attendance\attendance-project2\students\12312323\face_1.jpg
    [46] => 2026-04-12 16:27:06,518 - INFO - Successfully processed face from face_1.jpg
    [47] => 2026-04-12 16:27:06,525 - INFO - Processing image: C:\xampp\htdocs\new attendance\attendance-project2\students\12312323\face_10.jpg
    [48] => 2026-04-12 16:27:06,564 - INFO - Successfully processed face from face_10.jpg
    [49] => 2026-04-12 16:27:06,566 - INFO - Processing image: C:\xampp\htdocs\new attendance\attendance-project2\students\12312323\face_2.jpg
    [50] => 2026-04-12 16:27:06,603 - INFO - Successfully processed face from face_2.jpg
    [51] => 2026-04-12 16:27:06,603 - INFO - Processing image: C:\xampp\htdocs\new attendance\attendance-project2\students\12312323\face_3.jpg
    [52] => 2026-04-12 16:27:06,642 - INFO - Successfully processed face from face_3.jpg
    [53] => 2026-04-12 16:27:06,642 - INFO - Processing image: C:\xampp\htdocs\new attendance\attendance-project2\students\12312323\face_4.jpg
    [54] => 2026-04-12 16:27:06,681 - INFO - Successfully processed face from face_4.jpg
    [55] => 2026-04-12 16:27:06,681 - INFO - Processing image: C:\xampp\htdocs\new attendance\attendance-project2\students\12312323\face_5.jpg
    [56] => 2026-04-12 16:27:06,718 - INFO - Successfully processed face from face_5.jpg
    [57] => 2026-04-12 16:27:06,719 - INFO - Processing image: C:\xampp\htdocs\new attendance\attendance-project2\students\12312323\face_6.jpg
    [58] => 2026-04-12 16:27:06,758 - INFO - Successfully processed face from face_6.jpg
    [59] => 2026-04-12 16:27:06,758 - INFO - Processing image: C:\xampp\htdocs\new attendance\attendance-project2\students\12312323\face_7.jpg
    [60] => 2026-04-12 16:27:06,805 - INFO - Successfully processed face from face_7.jpg
    [61] => 2026-04-12 16:27:06,805 - INFO - Processing image: C:\xampp\htdocs\new attendance\attendance-project2\students\12312323\face_8.jpg
    [62] => 2026-04-12 16:27:06,844 - INFO - Successfully processed face from face_8.jpg
    [63] => 2026-04-12 16:27:06,844 - INFO - Processing image: C:\xampp\htdocs\new attendance\attendance-project2\students\12312323\face_9.jpg
    [64] => 2026-04-12 16:27:06,880 - INFO - Successfully processed face from face_9.jpg
    [65] => 2026-04-12 16:27:06,880 - INFO - Processed 10 faces for student 12312323
    [66] => 2026-04-12 16:27:06,880 - INFO - Processing student 2 with label 3
    [67] => 2026-04-12 16:27:06,880 - INFO - Processing image: C:\xampp\htdocs\new attendance\attendance-project2\students\2\face_1.jpg
    [68] => 2026-04-12 16:27:06,935 - INFO - Successfully processed face from face_1.jpg
    [69] => 2026-04-12 16:27:06,935 - INFO - Processing image: C:\xampp\htdocs\new attendance\attendance-project2\students\2\face_10.jpg
    [70] => 2026-04-12 16:27:06,980 - INFO - Successfully processed face from face_10.jpg
    [71] => 2026-04-12 16:27:06,981 - INFO - Processing image: C:\xampp\htdocs\new attendance\attendance-project2\students\2\face_2.jpg
    [72] => 2026-04-12 16:27:07,028 - INFO - Successfully processed face from face_2.jpg
    [73] => 2026-04-12 16:27:07,029 - INFO - Processing image: C:\xampp\htdocs\new attendance\attendance-project2\students\2\face_3.jpg
    [74] => 2026-04-12 16:27:07,077 - INFO - Successfully processed face from face_3.jpg
    [75] => 2026-04-12 16:27:07,077 - INFO - Processing image: C:\xampp\htdocs\new attendance\attendance-project2\students\2\face_4.jpg
    [76] => 2026-04-12 16:27:07,123 - INFO - Successfully processed face from face_4.jpg
    [77] => 2026-04-12 16:27:07,124 - INFO - Processing image: C:\xampp\htdocs\new attendance\attendance-project2\students\2\face_5.jpg
    [78] => 2026-04-12 16:27:07,169 - INFO - Successfully processed face from face_5.jpg
    [79] => 2026-04-12 16:27:07,169 - INFO - Processing image: C:\xampp\htdocs\new attendance\attendance-project2\students\2\face_6.jpg
    [80] => 2026-04-12 16:27:07,211 - INFO - Successfully processed face from face_6.jpg
    [81] => 2026-04-12 16:27:07,211 - INFO - Processing image: C:\xampp\htdocs\new attendance\attendance-project2\students\2\face_7.jpg
    [82] => 2026-04-12 16:27:07,261 - INFO - Successfully processed face from face_7.jpg
    [83] => 2026-04-12 16:27:07,261 - INFO - Processing image: C:\xampp\htdocs\new attendance\attendance-project2\students\2\face_8.jpg
    [84] => 2026-04-12 16:27:07,310 - INFO - Successfully processed face from face_8.jpg
    [85] => 2026-04-12 16:27:07,310 - INFO - Processing image: C:\xampp\htdocs\new attendance\attendance-project2\students\2\face_9.jpg
    [86] => 2026-04-12 16:27:07,350 - INFO - Successfully processed face from face_9.jpg
    [87] => 2026-04-12 16:27:07,350 - INFO - Processed 10 faces for student 2
    [88] => 2026-04-12 16:27:07,353 - INFO - Processing student 3 with label 4
    [89] => 2026-04-12 16:27:07,353 - INFO - Processing image: C:\xampp\htdocs\new attendance\attendance-project2\students\3\face_1.jpg
    [90] => 2026-04-12 16:27:07,380 - INFO - Successfully processed face from face_1.jpg
    [91] => 2026-04-12 16:27:07,380 - INFO - Processing image: C:\xampp\htdocs\new attendance\attendance-project2\students\3\face_10.jpg
    [92] => 2026-04-12 16:27:07,408 - INFO - Successfully processed face from face_10.jpg
    [93] => 2026-04-12 16:27:07,408 - INFO - Processing image: C:\xampp\htdocs\new attendance\attendance-project2\students\3\face_2.jpg
    [94] => 2026-04-12 16:27:07,438 - INFO - Successfully processed face from face_2.jpg
    [95] => 2026-04-12 16:27:07,438 - INFO - Processing image: C:\xampp\htdocs\new attendance\attendance-project2\students\3\face_3.jpg
    [96] => 2026-04-12 16:27:07,467 - INFO - Successfully processed face from face_3.jpg
    [97] => 2026-04-12 16:27:07,467 - INFO - Processing image: C:\xampp\htdocs\new attendance\attendance-project2\students\3\face_4.jpg
    [98] => 2026-04-12 16:27:07,487 - INFO - Successfully processed face from face_4.jpg
    [99] => 2026-04-12 16:27:07,487 - INFO - Processing image: C:\xampp\htdocs\new attendance\attendance-project2\students\3\face_5.jpg
    [100] => 2026-04-12 16:27:07,521 - INFO - Successfully processed face from face_5.jpg
    [101] => 2026-04-12 16:27:07,521 - INFO - Processing image: C:\xampp\htdocs\new attendance\attendance-project2\students\3\face_6.jpg
    [102] => 2026-04-12 16:27:07,547 - INFO - Successfully processed face from face_6.jpg
    [103] => 2026-04-12 16:27:07,547 - INFO - Processing image: C:\xampp\htdocs\new attendance\attendance-project2\students\3\face_7.jpg
    [104] => 2026-04-12 16:27:07,570 - INFO - Successfully processed face from face_7.jpg
    [105] => 2026-04-12 16:27:07,570 - INFO - Processing image: C:\xampp\htdocs\new attendance\attendance-project2\students\3\face_8.jpg
    [106] => 2026-04-12 16:27:07,600 - INFO - Successfully processed face from face_8.jpg
    [107] => 2026-04-12 16:27:07,600 - INFO - Processing image: C:\xampp\htdocs\new attendance\attendance-project2\students\3\face_9.jpg
    [108] => 2026-04-12 16:27:07,634 - INFO - Successfully processed face from face_9.jpg
    [109] => 2026-04-12 16:27:07,634 - INFO - Processed 10 faces for student 3
    [110] => 2026-04-12 16:27:07,634 - INFO - Processing student 4 with label 5
    [111] => 2026-04-12 16:27:07,635 - INFO - Processing image: C:\xampp\htdocs\new attendance\attendance-project2\students\4\face_1.jpg
    [112] => 2026-04-12 16:27:07,662 - WARNING - Found 2 faces in face_1.jpg - skipping
    [113] => 2026-04-12 16:27:07,662 - INFO - Processing image: C:\xampp\htdocs\new attendance\attendance-project2\students\4\face_10.jpg
    [114] => 2026-04-12 16:27:07,691 - WARNING - Found 2 faces in face_10.jpg - skipping
    [115] => 2026-04-12 16:27:07,691 - INFO - Processing image: C:\xampp\htdocs\new attendance\attendance-project2\students\4\face_2.jpg
    [116] => 2026-04-12 16:27:07,732 - INFO - Successfully processed face from face_2.jpg
    [117] => 2026-04-12 16:27:07,732 - INFO - Processing image: C:\xampp\htdocs\new attendance\attendance-project2\students\4\face_3.jpg
    [118] => 2026-04-12 16:27:07,768 - INFO - Successfully processed face from face_3.jpg
    [119] => 2026-04-12 16:27:07,768 - INFO - Processing image: C:\xampp\htdocs\new attendance\attendance-project2\students\4\face_4.jpg
    [120] => 2026-04-12 16:27:07,801 - INFO - Successfully processed face from face_4.jpg
    [121] => 2026-04-12 16:27:07,801 - INFO - Processing image: C:\xampp\htdocs\new attendance\attendance-project2\students\4\face_5.jpg
    [122] => 2026-04-12 16:27:07,829 - WARNING - Found 2 faces in face_5.jpg - skipping
    [123] => 2026-04-12 16:27:07,829 - INFO - Processing image: C:\xampp\htdocs\new attendance\attendance-project2\students\4\face_6.jpg
    [124] => 2026-04-12 16:27:07,862 - WARNING - Found 2 faces in face_6.jpg - skipping
    [125] => 2026-04-12 16:27:07,862 - INFO - Processing image: C:\xampp\htdocs\new attendance\attendance-project2\students\4\face_7.jpg
    [126] => 2026-04-12 16:27:07,891 - WARNING - Found 2 faces in face_7.jpg - skipping
    [127] => 2026-04-12 16:27:07,891 - INFO - Processing image: C:\xampp\htdocs\new attendance\attendance-project2\students\4\face_8.jpg
    [128] => 2026-04-12 16:27:07,924 - WARNING - Found 2 faces in face_8.jpg - skipping
    [129] => 2026-04-12 16:27:07,924 - INFO - Processing image: C:\xampp\htdocs\new attendance\attendance-project2\students\4\face_9.jpg
    [130] => 2026-04-12 16:27:07,958 - INFO - Successfully processed face from face_9.jpg
    [131] => 2026-04-12 16:27:07,958 - INFO - Processed 4 faces for student 4
    [132] => 2026-04-12 16:27:07,959 - INFO - Processing student 5 with label 6
    [133] => 2026-04-12 16:27:07,959 - INFO - Processing image: C:\xampp\htdocs\new attendance\attendance-project2\students\5\face_1.jpg
    [134] => 2026-04-12 16:27:07,989 - INFO - Successfully processed face from face_1.jpg
    [135] => 2026-04-12 16:27:07,989 - INFO - Processing image: C:\xampp\htdocs\new attendance\attendance-project2\students\5\face_10.jpg
    [136] => 2026-04-12 16:27:08,017 - INFO - Successfully processed face from face_10.jpg
    [137] => 2026-04-12 16:27:08,017 - INFO - Processing image: C:\xampp\htdocs\new attendance\attendance-project2\students\5\face_2.jpg
    [138] => 2026-04-12 16:27:08,051 - INFO - Successfully processed face from face_2.jpg
    [139] => 2026-04-12 16:27:08,051 - INFO - Processing image: C:\xampp\htdocs\new attendance\attendance-project2\students\5\face_3.jpg
    [140] => 2026-04-12 16:27:08,082 - INFO - Successfully processed face from face_3.jpg
    [141] => 2026-04-12 16:27:08,082 - INFO - Processing image: C:\xampp\htdocs\new attendance\attendance-project2\students\5\face_4.jpg
    [142] => 2026-04-12 16:27:08,110 - INFO - Successfully processed face from face_4.jpg
    [143] => 2026-04-12 16:27:08,110 - INFO - Processing image: C:\xampp\htdocs\new attendance\attendance-project2\students\5\face_5.jpg
    [144] => 2026-04-12 16:27:08,143 - INFO - Successfully processed face from face_5.jpg
    [145] => 2026-04-12 16:27:08,143 - INFO - Processing image: C:\xampp\htdocs\new attendance\attendance-project2\students\5\face_6.jpg
    [146] => 2026-04-12 16:27:08,173 - INFO - Successfully processed face from face_6.jpg
    [147] => 2026-04-12 16:27:08,173 - INFO - Processing image: C:\xampp\htdocs\new attendance\attendance-project2\students\5\face_7.jpg
    [148] => 2026-04-12 16:27:08,205 - INFO - Successfully processed face from face_7.jpg
    [149] => 2026-04-12 16:27:08,205 - INFO - Processing image: C:\xampp\htdocs\new attendance\attendance-project2\students\5\face_8.jpg
    [150] => 2026-04-12 16:27:08,275 - INFO - Successfully processed face from face_8.jpg
    [151] => 2026-04-12 16:27:08,276 - INFO - Processing image: C:\xampp\htdocs\new attendance\attendance-project2\students\5\face_9.jpg
    [152] => 2026-04-12 16:27:08,364 - INFO - Successfully processed face from face_9.jpg
    [153] => 2026-04-12 16:27:08,364 - INFO - Processed 10 faces for student 5
    [154] => 2026-04-12 16:27:08,364 - INFO - Processing student 6 with label 7
    [155] => 2026-04-12 16:27:08,364 - INFO - Processing image: C:\xampp\htdocs\new attendance\attendance-project2\students\6\face_1.jpg
    [156] => 2026-04-12 16:27:08,431 - WARNING - Found 2 faces in face_1.jpg - skipping
    [157] => 2026-04-12 16:27:08,431 - INFO - Processing image: C:\xampp\htdocs\new attendance\attendance-project2\students\6\face_10.jpg
    [158] => 2026-04-12 16:27:08,502 - WARNING - Found 2 faces in face_10.jpg - skipping
    [159] => 2026-04-12 16:27:08,502 - INFO - Processing image: C:\xampp\htdocs\new attendance\attendance-project2\students\6\face_2.jpg
    [160] => 2026-04-12 16:27:08,571 - WARNING - Found 2 faces in face_2.jpg - skipping
    [161] => 2026-04-12 16:27:08,571 - INFO - Processing image: C:\xampp\htdocs\new attendance\attendance-project2\students\6\face_3.jpg
    [162] => 2026-04-12 16:27:08,628 - WARNING - Found 2 faces in face_3.jpg - skipping
    [163] => 2026-04-12 16:27:08,628 - INFO - Processing image: C:\xampp\htdocs\new attendance\attendance-project2\students\6\face_4.jpg
    [164] => 2026-04-12 16:27:08,699 - WARNING - Found 2 faces in face_4.jpg - skipping
    [165] => 2026-04-12 16:27:08,699 - INFO - Processing image: C:\xampp\htdocs\new attendance\attendance-project2\students\6\face_5.jpg
    [166] => 2026-04-12 16:27:08,773 - WARNING - Found 2 faces in face_5.jpg - skipping
    [167] => 2026-04-12 16:27:08,773 - INFO - Processing image: C:\xampp\htdocs\new attendance\attendance-project2\students\6\face_6.jpg
    [168] => 2026-04-12 16:27:08,835 - WARNING - Found 2 faces in face_6.jpg - skipping
    [169] => 2026-04-12 16:27:08,835 - INFO - Processing image: C:\xampp\htdocs\new attendance\attendance-project2\students\6\face_7.jpg
    [170] => 2026-04-12 16:27:08,904 - WARNING - Found 2 faces in face_7.jpg - skipping
    [171] => 2026-04-12 16:27:08,904 - INFO - Processing image: C:\xampp\htdocs\new attendance\attendance-project2\students\6\face_8.jpg
    [172] => 2026-04-12 16:27:08,975 - WARNING - Found 2 faces in face_8.jpg - skipping
    [173] => 2026-04-12 16:27:08,975 - INFO - Processing image: C:\xampp\htdocs\new attendance\attendance-project2\students\6\face_9.jpg
    [174] => 2026-04-12 16:27:09,050 - WARNING - Found 2 faces in face_9.jpg - skipping
    [175] => 2026-04-12 16:27:09,056 - INFO - Processed 0 faces for student 6
    [176] => 2026-04-12 16:27:09,056 - INFO - Training model with 682 faces...
    [177] => {"success": true, "message": "Model trained with 682 faces from 8 students"}
)

2026-04-12 12:42:15 - Return code: 0
2026-04-12 12:42:15 - Student registration completed successfully
2026-04-12 12:42:15 - Starting student registration process
2026-04-12 12:42:15 - Student details: {"name":"Sujal Chitrakar","reg":"12312323"}
2026-04-12 12:42:15 - Base directory: C:\xampp\htdocs\new attendance\attendance-project2
2026-04-12 12:42:15 - Python script path: C:\xampp\htdocs\new attendance\attendance-project2/python/realtime_recognition.py
2026-04-12 12:42:15 - Processing image 1 for student 12312323
2026-04-12 12:42:15 - Saved image to: C:\xampp\htdocs\new attendance\attendance-project2/students/12312323/face_1.jpg
2026-04-12 12:42:15 - Saved image to: C:\xampp\htdocs\new attendance\attendance-project2/validated_faces/student12312323/face_1.jpg
2026-04-12 12:42:15 - Saved image to: resources/labels/12312323/face_1.jpg
2026-04-12 12:42:15 - Processing image 2 for student 12312323
2026-04-12 12:42:15 - Saved image to: C:\xampp\htdocs\new attendance\attendance-project2/students/12312323/face_2.jpg
2026-04-12 12:42:15 - Saved image to: C:\xampp\htdocs\new attendance\attendance-project2/validated_faces/student12312323/face_2.jpg
2026-04-12 12:42:15 - Saved image to: resources/labels/12312323/face_2.jpg
2026-04-12 12:42:15 - Processing image 3 for student 12312323
2026-04-12 12:42:15 - Saved image to: C:\xampp\htdocs\new attendance\attendance-project2/students/12312323/face_3.jpg
2026-04-12 12:42:15 - Saved image to: C:\xampp\htdocs\new attendance\attendance-project2/validated_faces/student12312323/face_3.jpg
2026-04-12 12:42:15 - Saved image to: resources/labels/12312323/face_3.jpg
2026-04-12 12:42:15 - Processing image 4 for student 12312323
2026-04-12 12:42:15 - Saved image to: C:\xampp\htdocs\new attendance\attendance-project2/students/12312323/face_4.jpg
2026-04-12 12:42:15 - Saved image to: C:\xampp\htdocs\new attendance\attendance-project2/validated_faces/student12312323/face_4.jpg
2026-04-12 12:42:15 - Saved image to: resources/labels/12312323/face_4.jpg
2026-04-12 12:42:15 - Processing image 5 for student 12312323
2026-04-12 12:42:15 - Saved image to: C:\xampp\htdocs\new attendance\attendance-project2/students/12312323/face_5.jpg
2026-04-12 12:42:15 - Saved image to: C:\xampp\htdocs\new attendance\attendance-project2/validated_faces/student12312323/face_5.jpg
2026-04-12 12:42:15 - Saved image to: resources/labels/12312323/face_5.jpg
2026-04-12 12:42:15 - Processing image 6 for student 12312323
2026-04-12 12:42:15 - Saved image to: C:\xampp\htdocs\new attendance\attendance-project2/students/12312323/face_6.jpg
2026-04-12 12:42:15 - Saved image to: C:\xampp\htdocs\new attendance\attendance-project2/validated_faces/student12312323/face_6.jpg
2026-04-12 12:42:15 - Saved image to: resources/labels/12312323/face_6.jpg
2026-04-12 12:42:15 - Processing image 7 for student 12312323
2026-04-12 12:42:15 - Saved image to: C:\xampp\htdocs\new attendance\attendance-project2/students/12312323/face_7.jpg
2026-04-12 12:42:15 - Saved image to: C:\xampp\htdocs\new attendance\attendance-project2/validated_faces/student12312323/face_7.jpg
2026-04-12 12:42:15 - Saved image to: resources/labels/12312323/face_7.jpg
2026-04-12 12:42:15 - Processing image 8 for student 12312323
2026-04-12 12:42:15 - Saved image to: C:\xampp\htdocs\new attendance\attendance-project2/students/12312323/face_8.jpg
2026-04-12 12:42:15 - Saved image to: C:\xampp\htdocs\new attendance\attendance-project2/validated_faces/student12312323/face_8.jpg
2026-04-12 12:42:15 - Saved image to: resources/labels/12312323/face_8.jpg
2026-04-12 12:42:15 - Processing image 9 for student 12312323
2026-04-12 12:42:15 - Saved image to: C:\xampp\htdocs\new attendance\attendance-project2/students/12312323/face_9.jpg
2026-04-12 12:42:15 - Saved image to: C:\xampp\htdocs\new attendance\attendance-project2/validated_faces/student12312323/face_9.jpg
2026-04-12 12:42:15 - Saved image to: resources/labels/12312323/face_9.jpg
2026-04-12 12:42:15 - Processing image 10 for student 12312323
2026-04-12 12:42:15 - Saved image to: C:\xampp\htdocs\new attendance\attendance-project2/students/12312323/face_10.jpg
2026-04-12 12:42:15 - Saved image to: C:\xampp\htdocs\new attendance\attendance-project2/validated_faces/student12312323/face_10.jpg
2026-04-12 12:42:15 - Saved image to: resources/labels/12312323/face_10.jpg
2026-04-12 12:42:15 - Saved student info files
2026-04-12 12:42:15 - Executing command: python "C:\xampp\htdocs\new attendance\attendance-project2/python/realtime_recognition.py" --train
2026-04-12 12:42:24 - Command output: Array
(
    [0] => 2026-04-12 16:27:15,478 - INFO - Processing student 1 with label 0
    [1] => 2026-04-12 16:27:15,478 - INFO - Processing image: C:\xampp\htdocs\new attendance\attendance-project2\students\1\face_1.jpg
    [2] => 2026-04-12 16:27:15,763 - WARNING - Found 2 faces in face_1.jpg - skipping
    [3] => 2026-04-12 16:27:15,763 - INFO - Processing image: C:\xampp\htdocs\new attendance\attendance-project2\students\1\face_10.jpg
    [4] => 2026-04-12 16:27:15,809 - INFO - Successfully processed face from face_10.jpg
    [5] => 2026-04-12 16:27:15,810 - INFO - Processing image: C:\xampp\htdocs\new attendance\attendance-project2\students\1\face_2.jpg
    [6] => 2026-04-12 16:27:15,850 - WARNING - Found 2 faces in face_2.jpg - skipping
    [7] => 2026-04-12 16:27:15,850 - INFO - Processing image: C:\xampp\htdocs\new attendance\attendance-project2\students\1\face_3.jpg
    [8] => 2026-04-12 16:27:15,897 - INFO - Successfully processed face from face_3.jpg
    [9] => 2026-04-12 16:27:15,897 - INFO - Processing image: C:\xampp\htdocs\new attendance\attendance-project2\students\1\face_4.jpg
    [10] => 2026-04-12 16:27:15,939 - INFO - Successfully processed face from face_4.jpg
    [11] => 2026-04-12 16:27:15,939 - INFO - Processing image: C:\xampp\htdocs\new attendance\attendance-project2\students\1\face_5.jpg
    [12] => 2026-04-12 16:27:15,987 - INFO - Successfully processed face from face_5.jpg
    [13] => 2026-04-12 16:27:15,987 - INFO - Processing image: C:\xampp\htdocs\new attendance\attendance-project2\students\1\face_6.jpg
    [14] => 2026-04-12 16:27:16,029 - INFO - Successfully processed face from face_6.jpg
    [15] => 2026-04-12 16:27:16,029 - INFO - Processing image: C:\xampp\htdocs\new attendance\attendance-project2\students\1\face_7.jpg
    [16] => 2026-04-12 16:27:16,072 - INFO - Successfully processed face from face_7.jpg
    [17] => 2026-04-12 16:27:16,072 - INFO - Processing image: C:\xampp\htdocs\new attendance\attendance-project2\students\1\face_8.jpg
    [18] => 2026-04-12 16:27:16,115 - INFO - Successfully processed face from face_8.jpg
    [19] => 2026-04-12 16:27:16,116 - INFO - Processing image: C:\xampp\htdocs\new attendance\attendance-project2\students\1\face_9.jpg
    [20] => 2026-04-12 16:27:16,163 - INFO - Successfully processed face from face_9.jpg
    [21] => 2026-04-12 16:27:16,163 - INFO - Processed 8 faces for student 1
    [22] => 2026-04-12 16:27:16,163 - INFO - Processing student 123123 with label 1
    [23] => 2026-04-12 16:27:16,163 - INFO - Processing image: C:\xampp\htdocs\new attendance\attendance-project2\students\123123\face_1.jpg
    [24] => 2026-04-12 16:27:16,197 - INFO - Successfully processed face from face_1.jpg
    [25] => 2026-04-12 16:27:16,198 - INFO - Processing image: C:\xampp\htdocs\new attendance\attendance-project2\students\123123\face_10.jpg
    [26] => 2026-04-12 16:27:16,234 - INFO - Successfully processed face from face_10.jpg
    [27] => 2026-04-12 16:27:16,234 - INFO - Processing image: C:\xampp\htdocs\new attendance\attendance-project2\students\123123\face_2.jpg
    [28] => 2026-04-12 16:27:16,270 - INFO - Successfully processed face from face_2.jpg
    [29] => 2026-04-12 16:27:16,270 - INFO - Processing image: C:\xampp\htdocs\new attendance\attendance-project2\students\123123\face_3.jpg
    [30] => 2026-04-12 16:27:16,308 - INFO - Successfully processed face from face_3.jpg
    [31] => 2026-04-12 16:27:16,308 - INFO - Processing image: C:\xampp\htdocs\new attendance\attendance-project2\students\123123\face_4.jpg
    [32] => 2026-04-12 16:27:16,345 - INFO - Successfully processed face from face_4.jpg
    [33] => 2026-04-12 16:27:16,345 - INFO - Processing image: C:\xampp\htdocs\new attendance\attendance-project2\students\123123\face_5.jpg
    [34] => 2026-04-12 16:27:16,383 - INFO - Successfully processed face from face_5.jpg
    [35] => 2026-04-12 16:27:16,383 - INFO - Processing image: C:\xampp\htdocs\new attendance\attendance-project2\students\123123\face_6.jpg
    [36] => 2026-04-12 16:27:16,419 - INFO - Successfully processed face from face_6.jpg
    [37] => 2026-04-12 16:27:16,419 - INFO - Processing image: C:\xampp\htdocs\new attendance\attendance-project2\students\123123\face_7.jpg
    [38] => 2026-04-12 16:27:16,455 - INFO - Successfully processed face from face_7.jpg
    [39] => 2026-04-12 16:27:16,455 - INFO - Processing image: C:\xampp\htdocs\new attendance\attendance-project2\students\123123\face_8.jpg
    [40] => 2026-04-12 16:27:16,489 - INFO - Successfully processed face from face_8.jpg
    [41] => 2026-04-12 16:27:16,489 - INFO - Processing image: C:\xampp\htdocs\new attendance\attendance-project2\students\123123\face_9.jpg
    [42] => 2026-04-12 16:27:16,521 - INFO - Successfully processed face from face_9.jpg
    [43] => 2026-04-12 16:27:16,521 - INFO - Processed 10 faces for student 123123
    [44] => 2026-04-12 16:27:16,521 - INFO - Processing student 12312323 with label 2
    [45] => 2026-04-12 16:27:16,521 - INFO - Processing image: C:\xampp\htdocs\new attendance\attendance-project2\students\12312323\face_1.jpg
    [46] => 2026-04-12 16:27:16,561 - INFO - Successfully processed face from face_1.jpg
    [47] => 2026-04-12 16:27:16,561 - INFO - Processing image: C:\xampp\htdocs\new attendance\attendance-project2\students\12312323\face_10.jpg
    [48] => 2026-04-12 16:27:16,604 - INFO - Successfully processed face from face_10.jpg
    [49] => 2026-04-12 16:27:16,604 - INFO - Processing image: C:\xampp\htdocs\new attendance\attendance-project2\students\12312323\face_2.jpg
    [50] => 2026-04-12 16:27:16,642 - INFO - Successfully processed face from face_2.jpg
    [51] => 2026-04-12 16:27:16,642 - INFO - Processing image: C:\xampp\htdocs\new attendance\attendance-project2\students\12312323\face_3.jpg
    [52] => 2026-04-12 16:27:16,679 - INFO - Successfully processed face from face_3.jpg
    [53] => 2026-04-12 16:27:16,679 - INFO - Processing image: C:\xampp\htdocs\new attendance\attendance-project2\students\12312323\face_4.jpg
    [54] => 2026-04-12 16:27:16,715 - INFO - Successfully processed face from face_4.jpg
    [55] => 2026-04-12 16:27:16,716 - INFO - Processing image: C:\xampp\htdocs\new attendance\attendance-project2\students\12312323\face_5.jpg
    [56] => 2026-04-12 16:27:16,755 - INFO - Successfully processed face from face_5.jpg
    [57] => 2026-04-12 16:27:16,755 - INFO - Processing image: C:\xampp\htdocs\new attendance\attendance-project2\students\12312323\face_6.jpg
    [58] => 2026-04-12 16:27:16,795 - INFO - Successfully processed face from face_6.jpg
    [59] => 2026-04-12 16:27:16,795 - INFO - Processing image: C:\xampp\htdocs\new attendance\attendance-project2\students\12312323\face_7.jpg
    [60] => 2026-04-12 16:27:16,842 - INFO - Successfully processed face from face_7.jpg
    [61] => 2026-04-12 16:27:16,842 - INFO - Processing image: C:\xampp\htdocs\new attendance\attendance-project2\students\12312323\face_8.jpg
    [62] => 2026-04-12 16:27:16,882 - INFO - Successfully processed face from face_8.jpg
    [63] => 2026-04-12 16:27:16,883 - INFO - Processing image: C:\xampp\htdocs\new attendance\attendance-project2\students\12312323\face_9.jpg
    [64] => 2026-04-12 16:27:16,921 - INFO - Successfully processed face from face_9.jpg
    [65] => 2026-04-12 16:27:16,921 - INFO - Processed 10 faces for student 12312323
    [66] => 2026-04-12 16:27:16,921 - INFO - Processing student 2 with label 3
    [67] => 2026-04-12 16:27:16,921 - INFO - Processing image: C:\xampp\htdocs\new attendance\attendance-project2\students\2\face_1.jpg
    [68] => 2026-04-12 16:27:16,966 - INFO - Successfully processed face from face_1.jpg
    [69] => 2026-04-12 16:27:16,966 - INFO - Processing image: C:\xampp\htdocs\new attendance\attendance-project2\students\2\face_10.jpg
    [70] => 2026-04-12 16:27:17,013 - INFO - Successfully processed face from face_10.jpg
    [71] => 2026-04-12 16:27:17,013 - INFO - Processing image: C:\xampp\htdocs\new attendance\attendance-project2\students\2\face_2.jpg
    [72] => 2026-04-12 16:27:17,061 - INFO - Successfully processed face from face_2.jpg
    [73] => 2026-04-12 16:27:17,061 - INFO - Processing image: C:\xampp\htdocs\new attendance\attendance-project2\students\2\face_3.jpg
    [74] => 2026-04-12 16:27:17,108 - INFO - Successfully processed face from face_3.jpg
    [75] => 2026-04-12 16:27:17,108 - INFO - Processing image: C:\xampp\htdocs\new attendance\attendance-project2\students\2\face_4.jpg
    [76] => 2026-04-12 16:27:17,153 - INFO - Successfully processed face from face_4.jpg
    [77] => 2026-04-12 16:27:17,153 - INFO - Processing image: C:\xampp\htdocs\new attendance\attendance-project2\students\2\face_5.jpg
    [78] => 2026-04-12 16:27:17,200 - INFO - Successfully processed face from face_5.jpg
    [79] => 2026-04-12 16:27:17,200 - INFO - Processing image: C:\xampp\htdocs\new attendance\attendance-project2\students\2\face_6.jpg
    [80] => 2026-04-12 16:27:17,240 - INFO - Successfully processed face from face_6.jpg
    [81] => 2026-04-12 16:27:17,240 - INFO - Processing image: C:\xampp\htdocs\new attendance\attendance-project2\students\2\face_7.jpg
    [82] => 2026-04-12 16:27:17,287 - INFO - Successfully processed face from face_7.jpg
    [83] => 2026-04-12 16:27:17,288 - INFO - Processing image: C:\xampp\htdocs\new attendance\attendance-project2\students\2\face_8.jpg
    [84] => 2026-04-12 16:27:17,334 - INFO - Successfully processed face from face_8.jpg
    [85] => 2026-04-12 16:27:17,334 - INFO - Processing image: C:\xampp\htdocs\new attendance\attendance-project2\students\2\face_9.jpg
    [86] => 2026-04-12 16:27:17,377 - INFO - Successfully processed face from face_9.jpg
    [87] => 2026-04-12 16:27:17,377 - INFO - Processed 10 faces for student 2
    [88] => 2026-04-12 16:27:17,377 - INFO - Processing student 3 with label 4
    [89] => 2026-04-12 16:27:17,377 - INFO - Processing image: C:\xampp\htdocs\new attendance\attendance-project2\students\3\face_1.jpg
    [90] => 2026-04-12 16:27:17,406 - INFO - Successfully processed face from face_1.jpg
    [91] => 2026-04-12 16:27:17,406 - INFO - Processing image: C:\xampp\htdocs\new attendance\attendance-project2\students\3\face_10.jpg
    [92] => 2026-04-12 16:27:17,433 - INFO - Successfully processed face from face_10.jpg
    [93] => 2026-04-12 16:27:17,433 - INFO - Processing image: C:\xampp\htdocs\new attendance\attendance-project2\students\3\face_2.jpg
    [94] => 2026-04-12 16:27:17,460 - INFO - Successfully processed face from face_2.jpg
    [95] => 2026-04-12 16:27:17,460 - INFO - Processing image: C:\xampp\htdocs\new attendance\attendance-project2\students\3\face_3.jpg
    [96] => 2026-04-12 16:27:17,490 - INFO - Successfully processed face from face_3.jpg
    [97] => 2026-04-12 16:27:17,490 - INFO - Processing image: C:\xampp\htdocs\new attendance\attendance-project2\students\3\face_4.jpg
    [98] => 2026-04-12 16:27:17,516 - INFO - Successfully processed face from face_4.jpg
    [99] => 2026-04-12 16:27:17,516 - INFO - Processing image: C:\xampp\htdocs\new attendance\attendance-project2\students\3\face_5.jpg
    [100] => 2026-04-12 16:27:17,542 - INFO - Successfully processed face from face_5.jpg
    [101] => 2026-04-12 16:27:17,542 - INFO - Processing image: C:\xampp\htdocs\new attendance\attendance-project2\students\3\face_6.jpg
    [102] => 2026-04-12 16:27:17,571 - INFO - Successfully processed face from face_6.jpg
    [103] => 2026-04-12 16:27:17,571 - INFO - Processing image: C:\xampp\htdocs\new attendance\attendance-project2\students\3\face_7.jpg
    [104] => 2026-04-12 16:27:17,598 - INFO - Successfully processed face from face_7.jpg
    [105] => 2026-04-12 16:27:17,598 - INFO - Processing image: C:\xampp\htdocs\new attendance\attendance-project2\students\3\face_8.jpg
    [106] => 2026-04-12 16:27:17,624 - INFO - Successfully processed face from face_8.jpg
    [107] => 2026-04-12 16:27:17,624 - INFO - Processing image: C:\xampp\htdocs\new attendance\attendance-project2\students\3\face_9.jpg
    [108] => 2026-04-12 16:27:17,653 - INFO - Successfully processed face from face_9.jpg
    [109] => 2026-04-12 16:27:17,653 - INFO - Processed 10 faces for student 3
    [110] => 2026-04-12 16:27:17,655 - INFO - Processing student 4 with label 5
    [111] => 2026-04-12 16:27:17,655 - INFO - Processing image: C:\xampp\htdocs\new attendance\attendance-project2\students\4\face_1.jpg
    [112] => 2026-04-12 16:27:17,681 - WARNING - Found 2 faces in face_1.jpg - skipping
    [113] => 2026-04-12 16:27:17,681 - INFO - Processing image: C:\xampp\htdocs\new attendance\attendance-project2\students\4\face_10.jpg
    [114] => 2026-04-12 16:27:17,711 - WARNING - Found 2 faces in face_10.jpg - skipping
    [115] => 2026-04-12 16:27:17,711 - INFO - Processing image: C:\xampp\htdocs\new attendance\attendance-project2\students\4\face_2.jpg
    [116] => 2026-04-12 16:27:17,748 - INFO - Successfully processed face from face_2.jpg
    [117] => 2026-04-12 16:27:17,748 - INFO - Processing image: C:\xampp\htdocs\new attendance\attendance-project2\students\4\face_3.jpg
    [118] => 2026-04-12 16:27:17,779 - INFO - Successfully processed face from face_3.jpg
    [119] => 2026-04-12 16:27:17,779 - INFO - Processing image: C:\xampp\htdocs\new attendance\attendance-project2\students\4\face_4.jpg
    [120] => 2026-04-12 16:27:17,816 - INFO - Successfully processed face from face_4.jpg
    [121] => 2026-04-12 16:27:17,816 - INFO - Processing image: C:\xampp\htdocs\new attendance\attendance-project2\students\4\face_5.jpg
    [122] => 2026-04-12 16:27:17,844 - WARNING - Found 2 faces in face_5.jpg - skipping
    [123] => 2026-04-12 16:27:17,844 - INFO - Processing image: C:\xampp\htdocs\new attendance\attendance-project2\students\4\face_6.jpg
    [124] => 2026-04-12 16:27:17,872 - WARNING - Found 2 faces in face_6.jpg - skipping
    [125] => 2026-04-12 16:27:17,872 - INFO - Processing image: C:\xampp\htdocs\new attendance\attendance-project2\students\4\face_7.jpg
    [126] => 2026-04-12 16:27:17,903 - WARNING - Found 2 faces in face_7.jpg - skipping
    [127] => 2026-04-12 16:27:17,903 - INFO - Processing image: C:\xampp\htdocs\new attendance\attendance-project2\students\4\face_8.jpg
    [128] => 2026-04-12 16:27:17,931 - WARNING - Found 2 faces in face_8.jpg - skipping
    [129] => 2026-04-12 16:27:17,931 - INFO - Processing image: C:\xampp\htdocs\new attendance\attendance-project2\students\4\face_9.jpg
    [130] => 2026-04-12 16:27:17,967 - INFO - Successfully processed face from face_9.jpg
    [131] => 2026-04-12 16:27:17,967 - INFO - Processed 4 faces for student 4
    [132] => 2026-04-12 16:27:17,967 - INFO - Processing student 5 with label 6
    [133] => 2026-04-12 16:27:17,971 - INFO - Processing image: C:\xampp\htdocs\new attendance\attendance-project2\students\5\face_1.jpg
    [134] => 2026-04-12 16:27:17,999 - INFO - Successfully processed face from face_1.jpg
    [135] => 2026-04-12 16:27:17,999 - INFO - Processing image: C:\xampp\htdocs\new attendance\attendance-project2\students\5\face_10.jpg
    [136] => 2026-04-12 16:27:18,030 - INFO - Successfully processed face from face_10.jpg
    [137] => 2026-04-12 16:27:18,030 - INFO - Processing image: C:\xampp\htdocs\new attendance\attendance-project2\students\5\face_2.jpg
    [138] => 2026-04-12 16:27:18,061 - INFO - Successfully processed face from face_2.jpg
    [139] => 2026-04-12 16:27:18,061 - INFO - Processing image: C:\xampp\htdocs\new attendance\attendance-project2\students\5\face_3.jpg
    [140] => 2026-04-12 16:27:18,091 - INFO - Successfully processed face from face_3.jpg
    [141] => 2026-04-12 16:27:18,091 - INFO - Processing image: C:\xampp\htdocs\new attendance\attendance-project2\students\5\face_4.jpg
    [142] => 2026-04-12 16:27:18,124 - INFO - Successfully processed face from face_4.jpg
    [143] => 2026-04-12 16:27:18,125 - INFO - Processing image: C:\xampp\htdocs\new attendance\attendance-project2\students\5\face_5.jpg
    [144] => 2026-04-12 16:27:18,156 - INFO - Successfully processed face from face_5.jpg
    [145] => 2026-04-12 16:27:18,156 - INFO - Processing image: C:\xampp\htdocs\new attendance\attendance-project2\students\5\face_6.jpg
    [146] => 2026-04-12 16:27:18,186 - INFO - Successfully processed face from face_6.jpg
    [147] => 2026-04-12 16:27:18,186 - INFO - Processing image: C:\xampp\htdocs\new attendance\attendance-project2\students\5\face_7.jpg
    [148] => 2026-04-12 16:27:18,217 - INFO - Successfully processed face from face_7.jpg
    [149] => 2026-04-12 16:27:18,217 - INFO - Processing image: C:\xampp\htdocs\new attendance\attendance-project2\students\5\face_8.jpg
    [150] => 2026-04-12 16:27:18,294 - INFO - Successfully processed face from face_8.jpg
    [151] => 2026-04-12 16:27:18,297 - INFO - Processing image: C:\xampp\htdocs\new attendance\attendance-project2\students\5\face_9.jpg
    [152] => 2026-04-12 16:27:18,372 - INFO - Successfully processed face from face_9.jpg
    [153] => 2026-04-12 16:27:18,372 - INFO - Processed 10 faces for student 5
    [154] => 2026-04-12 16:27:18,372 - INFO - Processing student 6 with label 7
    [155] => 2026-04-12 16:27:18,373 - INFO - Processing image: C:\xampp\htdocs\new attendance\attendance-project2\students\6\face_1.jpg
    [156] => 2026-04-12 16:27:18,444 - WARNING - Found 2 faces in face_1.jpg - skipping
    [157] => 2026-04-12 16:27:18,444 - INFO - Processing image: C:\xampp\htdocs\new attendance\attendance-project2\students\6\face_10.jpg
    [158] => 2026-04-12 16:27:18,516 - WARNING - Found 2 faces in face_10.jpg - skipping
    [159] => 2026-04-12 16:27:18,516 - INFO - Processing image: C:\xampp\htdocs\new attendance\attendance-project2\students\6\face_2.jpg
    [160] => 2026-04-12 16:27:18,595 - WARNING - Found 2 faces in face_2.jpg - skipping
    [161] => 2026-04-12 16:27:18,595 - INFO - Processing image: C:\xampp\htdocs\new attendance\attendance-project2\students\6\face_3.jpg
    [162] => 2026-04-12 16:27:18,653 - WARNING - Found 2 faces in face_3.jpg - skipping
    [163] => 2026-04-12 16:27:18,654 - INFO - Processing image: C:\xampp\htdocs\new attendance\attendance-project2\students\6\face_4.jpg
    [164] => 2026-04-12 16:27:18,710 - WARNING - Found 2 faces in face_4.jpg - skipping
    [165] => 2026-04-12 16:27:18,710 - INFO - Processing image: C:\xampp\htdocs\new attendance\attendance-project2\students\6\face_5.jpg
    [166] => 2026-04-12 16:27:18,779 - WARNING - Found 2 faces in face_5.jpg - skipping
    [167] => 2026-04-12 16:27:18,779 - INFO - Processing image: C:\xampp\htdocs\new attendance\attendance-project2\students\6\face_6.jpg
    [168] => 2026-04-12 16:27:18,853 - WARNING - Found 2 faces in face_6.jpg - skipping
    [169] => 2026-04-12 16:27:18,853 - INFO - Processing image: C:\xampp\htdocs\new attendance\attendance-project2\students\6\face_7.jpg
    [170] => 2026-04-12 16:27:18,917 - WARNING - Found 2 faces in face_7.jpg - skipping
    [171] => 2026-04-12 16:27:18,917 - INFO - Processing image: C:\xampp\htdocs\new attendance\attendance-project2\students\6\face_8.jpg
    [172] => 2026-04-12 16:27:18,974 - WARNING - Found 2 faces in face_8.jpg - skipping
    [173] => 2026-04-12 16:27:18,974 - INFO - Processing image: C:\xampp\htdocs\new attendance\attendance-project2\students\6\face_9.jpg
    [174] => 2026-04-12 16:27:19,055 - WARNING - Found 2 faces in face_9.jpg - skipping
    [175] => 2026-04-12 16:27:19,055 - INFO - Processed 0 faces for student 6
    [176] => 2026-04-12 16:27:19,055 - INFO - Training model with 682 faces...
    [177] => {"success": true, "message": "Model trained with 682 faces from 8 students"}
)

2026-04-12 12:42:24 - Return code: 0
2026-04-12 12:42:24 - Error: Student with the given Registration No: 12312323 already exists!
2026-04-12 12:42:39 - Starting student update process
2026-04-12 12:42:39 - Student update details: {"id":150,"name":"Sujal Chitrakar","reg":"1``"}
2026-04-12 12:42:39 - Student update completed successfully
2026-04-12 12:43:23 - Starting student registration process
2026-04-12 12:43:23 - Student details: {"name":"Ma m","reg":"00019"}
2026-04-12 12:43:23 - Base directory: C:\xampp\htdocs\new attendance\attendance-project2
2026-04-12 12:43:23 - Python script path: C:\xampp\htdocs\new attendance\attendance-project2/python/realtime_recognition.py
2026-04-12 12:43:23 - Creating student directory: C:\xampp\htdocs\new attendance\attendance-project2/students/00019
2026-04-12 12:43:23 - Creating student directory: C:\xampp\htdocs\new attendance\attendance-project2/validated_faces/student00019
2026-04-12 12:43:23 - Creating student directory: resources/labels/00019
2026-04-12 12:43:23 - Processing image 1 for student 00019
2026-04-12 12:43:23 - Saved image to: C:\xampp\htdocs\new attendance\attendance-project2/students/00019/face_1.jpg
2026-04-12 12:43:23 - Saved image to: C:\xampp\htdocs\new attendance\attendance-project2/validated_faces/student00019/face_1.jpg
2026-04-12 12:43:23 - Saved image to: resources/labels/00019/face_1.jpg
2026-04-12 12:43:23 - Processing image 2 for student 00019
2026-04-12 12:43:23 - Saved image to: C:\xampp\htdocs\new attendance\attendance-project2/students/00019/face_2.jpg
2026-04-12 12:43:23 - Saved image to: C:\xampp\htdocs\new attendance\attendance-project2/validated_faces/student00019/face_2.jpg
2026-04-12 12:43:23 - Saved image to: resources/labels/00019/face_2.jpg
2026-04-12 12:43:23 - Processing image 3 for student 00019
2026-04-12 12:43:23 - Saved image to: C:\xampp\htdocs\new attendance\attendance-project2/students/00019/face_3.jpg
2026-04-12 12:43:23 - Saved image to: C:\xampp\htdocs\new attendance\attendance-project2/validated_faces/student00019/face_3.jpg
2026-04-12 12:43:23 - Saved image to: resources/labels/00019/face_3.jpg
2026-04-12 12:43:23 - Processing image 4 for student 00019
2026-04-12 12:43:23 - Saved image to: C:\xampp\htdocs\new attendance\attendance-project2/students/00019/face_4.jpg
2026-04-12 12:43:23 - Saved image to: C:\xampp\htdocs\new attendance\attendance-project2/validated_faces/student00019/face_4.jpg
2026-04-12 12:43:23 - Saved image to: resources/labels/00019/face_4.jpg
2026-04-12 12:43:23 - Processing image 5 for student 00019
2026-04-12 12:43:23 - Saved image to: C:\xampp\htdocs\new attendance\attendance-project2/students/00019/face_5.jpg
2026-04-12 12:43:23 - Saved image to: C:\xampp\htdocs\new attendance\attendance-project2/validated_faces/student00019/face_5.jpg
2026-04-12 12:43:23 - Saved image to: resources/labels/00019/face_5.jpg
2026-04-12 12:43:23 - Processing image 6 for student 00019
2026-04-12 12:43:23 - Saved image to: C:\xampp\htdocs\new attendance\attendance-project2/students/00019/face_6.jpg
2026-04-12 12:43:23 - Saved image to: C:\xampp\htdocs\new attendance\attendance-project2/validated_faces/student00019/face_6.jpg
2026-04-12 12:43:23 - Saved image to: resources/labels/00019/face_6.jpg
2026-04-12 12:43:23 - Processing image 7 for student 00019
2026-04-12 12:43:23 - Saved image to: C:\xampp\htdocs\new attendance\attendance-project2/students/00019/face_7.jpg
2026-04-12 12:43:23 - Saved image to: C:\xampp\htdocs\new attendance\attendance-project2/validated_faces/student00019/face_7.jpg
2026-04-12 12:43:23 - Saved image to: resources/labels/00019/face_7.jpg
2026-04-12 12:43:23 - Processing image 8 for student 00019
2026-04-12 12:43:23 - Saved image to: C:\xampp\htdocs\new attendance\attendance-project2/students/00019/face_8.jpg
2026-04-12 12:43:23 - Saved image to: C:\xampp\htdocs\new attendance\attendance-project2/validated_faces/student00019/face_8.jpg
2026-04-12 12:43:23 - Saved image to: resources/labels/00019/face_8.jpg
2026-04-12 12:43:23 - Processing image 9 for student 00019
2026-04-12 12:43:23 - Saved image to: C:\xampp\htdocs\new attendance\attendance-project2/students/00019/face_9.jpg
2026-04-12 12:43:23 - Saved image to: C:\xampp\htdocs\new attendance\attendance-project2/validated_faces/student00019/face_9.jpg
2026-04-12 12:43:23 - Saved image to: resources/labels/00019/face_9.jpg
2026-04-12 12:43:23 - Processing image 10 for student 00019
2026-04-12 12:43:23 - Saved image to: C:\xampp\htdocs\new attendance\attendance-project2/students/00019/face_10.jpg
2026-04-12 12:43:23 - Saved image to: C:\xampp\htdocs\new attendance\attendance-project2/validated_faces/student00019/face_10.jpg
2026-04-12 12:43:23 - Saved image to: resources/labels/00019/face_10.jpg
2026-04-12 12:43:23 - Saved student info files
2026-04-12 12:43:23 - Executing command: python "C:\xampp\htdocs\new attendance\attendance-project2/python/realtime_recognition.py" --train
2026-04-12 12:43:35 - Command output: Array
(
    [0] => 2026-04-12 16:28:24,014 - INFO - Processing student 00019 with label 0
    [1] => 2026-04-12 16:28:24,014 - INFO - Processing image: C:\xampp\htdocs\new attendance\attendance-project2\students\00019\face_1.jpg
    [2] => 2026-04-12 16:28:24,262 - INFO - Successfully processed face from face_1.jpg
    [3] => 2026-04-12 16:28:24,262 - INFO - Processing image: C:\xampp\htdocs\new attendance\attendance-project2\students\00019\face_10.jpg
    [4] => 2026-04-12 16:28:24,298 - INFO - Successfully processed face from face_10.jpg
    [5] => 2026-04-12 16:28:24,306 - INFO - Processing image: C:\xampp\htdocs\new attendance\attendance-project2\students\00019\face_2.jpg
    [6] => 2026-04-12 16:28:24,345 - INFO - Successfully processed face from face_2.jpg
    [7] => 2026-04-12 16:28:24,345 - INFO - Processing image: C:\xampp\htdocs\new attendance\attendance-project2\students\00019\face_3.jpg
    [8] => 2026-04-12 16:28:24,380 - INFO - Successfully processed face from face_3.jpg
    [9] => 2026-04-12 16:28:24,380 - INFO - Processing image: C:\xampp\htdocs\new attendance\attendance-project2\students\00019\face_4.jpg
    [10] => 2026-04-12 16:28:24,423 - INFO - Successfully processed face from face_4.jpg
    [11] => 2026-04-12 16:28:24,423 - INFO - Processing image: C:\xampp\htdocs\new attendance\attendance-project2\students\00019\face_5.jpg
    [12] => 2026-04-12 16:28:24,469 - INFO - Successfully processed face from face_5.jpg
    [13] => 2026-04-12 16:28:24,469 - INFO - Processing image: C:\xampp\htdocs\new attendance\attendance-project2\students\00019\face_6.jpg
    [14] => 2026-04-12 16:28:24,499 - INFO - Successfully processed face from face_6.jpg
    [15] => 2026-04-12 16:28:24,499 - INFO - Processing image: C:\xampp\htdocs\new attendance\attendance-project2\students\00019\face_7.jpg
    [16] => 2026-04-12 16:28:24,544 - INFO - Successfully processed face from face_7.jpg
    [17] => 2026-04-12 16:28:24,544 - INFO - Processing image: C:\xampp\htdocs\new attendance\attendance-project2\students\00019\face_8.jpg
    [18] => 2026-04-12 16:28:24,583 - INFO - Successfully processed face from face_8.jpg
    [19] => 2026-04-12 16:28:24,583 - INFO - Processing image: C:\xampp\htdocs\new attendance\attendance-project2\students\00019\face_9.jpg
    [20] => 2026-04-12 16:28:24,623 - INFO - Successfully processed face from face_9.jpg
    [21] => 2026-04-12 16:28:24,623 - INFO - Processed 10 faces for student 00019
    [22] => 2026-04-12 16:28:24,624 - INFO - Processing student 1 with label 1
    [23] => 2026-04-12 16:28:24,624 - INFO - Processing image: C:\xampp\htdocs\new attendance\attendance-project2\students\1\face_1.jpg
    [24] => 2026-04-12 16:28:24,663 - WARNING - Found 2 faces in face_1.jpg - skipping
    [25] => 2026-04-12 16:28:24,663 - INFO - Processing image: C:\xampp\htdocs\new attendance\attendance-project2\students\1\face_10.jpg
    [26] => 2026-04-12 16:28:24,711 - INFO - Successfully processed face from face_10.jpg
    [27] => 2026-04-12 16:28:24,711 - INFO - Processing image: C:\xampp\htdocs\new attendance\attendance-project2\students\1\face_2.jpg
    [28] => 2026-04-12 16:28:24,749 - WARNING - Found 2 faces in face_2.jpg - skipping
    [29] => 2026-04-12 16:28:24,749 - INFO - Processing image: C:\xampp\htdocs\new attendance\attendance-project2\students\1\face_3.jpg
    [30] => 2026-04-12 16:28:24,798 - INFO - Successfully processed face from face_3.jpg
    [31] => 2026-04-12 16:28:24,799 - INFO - Processing image: C:\xampp\htdocs\new attendance\attendance-project2\students\1\face_4.jpg
    [32] => 2026-04-12 16:28:24,837 - INFO - Successfully processed face from face_4.jpg
    [33] => 2026-04-12 16:28:24,837 - INFO - Processing image: C:\xampp\htdocs\new attendance\attendance-project2\students\1\face_5.jpg
    [34] => 2026-04-12 16:28:24,877 - INFO - Successfully processed face from face_5.jpg
    [35] => 2026-04-12 16:28:24,877 - INFO - Processing image: C:\xampp\htdocs\new attendance\attendance-project2\students\1\face_6.jpg
    [36] => 2026-04-12 16:28:24,923 - INFO - Successfully processed face from face_6.jpg
    [37] => 2026-04-12 16:28:24,929 - INFO - Processing image: C:\xampp\htdocs\new attendance\attendance-project2\students\1\face_7.jpg
    [38] => 2026-04-12 16:28:24,969 - INFO - Successfully processed face from face_7.jpg
    [39] => 2026-04-12 16:28:24,969 - INFO - Processing image: C:\xampp\htdocs\new attendance\attendance-project2\students\1\face_8.jpg
    [40] => 2026-04-12 16:28:25,014 - INFO - Successfully processed face from face_8.jpg
    [41] => 2026-04-12 16:28:25,014 - INFO - Processing image: C:\xampp\htdocs\new attendance\attendance-project2\students\1\face_9.jpg
    [42] => 2026-04-12 16:28:25,060 - INFO - Successfully processed face from face_9.jpg
    [43] => 2026-04-12 16:28:25,060 - INFO - Processed 8 faces for student 1
    [44] => 2026-04-12 16:28:25,060 - INFO - Processing student 123123 with label 2
    [45] => 2026-04-12 16:28:25,060 - INFO - Processing image: C:\xampp\htdocs\new attendance\attendance-project2\students\123123\face_1.jpg
    [46] => 2026-04-12 16:28:25,086 - INFO - Successfully processed face from face_1.jpg
    [47] => 2026-04-12 16:28:25,096 - INFO - Processing image: C:\xampp\htdocs\new attendance\attendance-project2\students\123123\face_10.jpg
    [48] => 2026-04-12 16:28:25,131 - INFO - Successfully processed face from face_10.jpg
    [49] => 2026-04-12 16:28:25,131 - INFO - Processing image: C:\xampp\htdocs\new attendance\attendance-project2\students\123123\face_2.jpg
    [50] => 2026-04-12 16:28:25,167 - INFO - Successfully processed face from face_2.jpg
    [51] => 2026-04-12 16:28:25,167 - INFO - Processing image: C:\xampp\htdocs\new attendance\attendance-project2\students\123123\face_3.jpg
    [52] => 2026-04-12 16:28:25,209 - INFO - Successfully processed face from face_3.jpg
    [53] => 2026-04-12 16:28:25,209 - INFO - Processing image: C:\xampp\htdocs\new attendance\attendance-project2\students\123123\face_4.jpg
    [54] => 2026-04-12 16:28:25,248 - INFO - Successfully processed face from face_4.jpg
    [55] => 2026-04-12 16:28:25,248 - INFO - Processing image: C:\xampp\htdocs\new attendance\attendance-project2\students\123123\face_5.jpg
    [56] => 2026-04-12 16:28:25,284 - INFO - Successfully processed face from face_5.jpg
    [57] => 2026-04-12 16:28:25,284 - INFO - Processing image: C:\xampp\htdocs\new attendance\attendance-project2\students\123123\face_6.jpg
    [58] => 2026-04-12 16:28:25,319 - INFO - Successfully processed face from face_6.jpg
    [59] => 2026-04-12 16:28:25,319 - INFO - Processing image: C:\xampp\htdocs\new attendance\attendance-project2\students\123123\face_7.jpg
    [60] => 2026-04-12 16:28:25,357 - INFO - Successfully processed face from face_7.jpg
    [61] => 2026-04-12 16:28:25,360 - INFO - Processing image: C:\xampp\htdocs\new attendance\attendance-project2\students\123123\face_8.jpg
    [62] => 2026-04-12 16:28:25,394 - INFO - Successfully processed face from face_8.jpg
    [63] => 2026-04-12 16:28:25,394 - INFO - Processing image: C:\xampp\htdocs\new attendance\attendance-project2\students\123123\face_9.jpg
    [64] => 2026-04-12 16:28:25,426 - INFO - Successfully processed face from face_9.jpg
    [65] => 2026-04-12 16:28:25,426 - INFO - Processed 10 faces for student 123123
    [66] => 2026-04-12 16:28:25,426 - INFO - Processing student 12312323 with label 3
    [67] => 2026-04-12 16:28:25,426 - INFO - Processing image: C:\xampp\htdocs\new attendance\attendance-project2\students\12312323\face_1.jpg
    [68] => 2026-04-12 16:28:25,466 - INFO - Successfully processed face from face_1.jpg
    [69] => 2026-04-12 16:28:25,466 - INFO - Processing image: C:\xampp\htdocs\new attendance\attendance-project2\students\12312323\face_10.jpg
    [70] => 2026-04-12 16:28:25,504 - INFO - Successfully processed face from face_10.jpg
    [71] => 2026-04-12 16:28:25,504 - INFO - Processing image: C:\xampp\htdocs\new attendance\attendance-project2\students\12312323\face_2.jpg
    [72] => 2026-04-12 16:28:25,544 - INFO - Successfully processed face from face_2.jpg
    [73] => 2026-04-12 16:28:25,544 - INFO - Processing image: C:\xampp\htdocs\new attendance\attendance-project2\students\12312323\face_3.jpg
    [74] => 2026-04-12 16:28:25,588 - INFO - Successfully processed face from face_3.jpg
    [75] => 2026-04-12 16:28:25,588 - INFO - Processing image: C:\xampp\htdocs\new attendance\attendance-project2\students\12312323\face_4.jpg
    [76] => 2026-04-12 16:28:25,629 - INFO - Successfully processed face from face_4.jpg
    [77] => 2026-04-12 16:28:25,629 - INFO - Processing image: C:\xampp\htdocs\new attendance\attendance-project2\students\12312323\face_5.jpg
    [78] => 2026-04-12 16:28:25,666 - INFO - Successfully processed face from face_5.jpg
    [79] => 2026-04-12 16:28:25,666 - INFO - Processing image: C:\xampp\htdocs\new attendance\attendance-project2\students\12312323\face_6.jpg
    [80] => 2026-04-12 16:28:25,715 - INFO - Successfully processed face from face_6.jpg
    [81] => 2026-04-12 16:28:25,715 - INFO - Processing image: C:\xampp\htdocs\new attendance\attendance-project2\students\12312323\face_7.jpg
    [82] => 2026-04-12 16:28:25,754 - INFO - Successfully processed face from face_7.jpg
    [83] => 2026-04-12 16:28:25,754 - INFO - Processing image: C:\xampp\htdocs\new attendance\attendance-project2\students\12312323\face_8.jpg
    [84] => 2026-04-12 16:28:25,787 - INFO - Successfully processed face from face_8.jpg
    [85] => 2026-04-12 16:28:25,787 - INFO - Processing image: C:\xampp\htdocs\new attendance\attendance-project2\students\12312323\face_9.jpg
    [86] => 2026-04-12 16:28:25,830 - INFO - Successfully processed face from face_9.jpg
    [87] => 2026-04-12 16:28:25,830 - INFO - Processed 10 faces for student 12312323
    [88] => 2026-04-12 16:28:25,830 - INFO - Processing student 2 with label 4
    [89] => 2026-04-12 16:28:25,830 - INFO - Processing image: C:\xampp\htdocs\new attendance\attendance-project2\students\2\face_1.jpg
    [90] => 2026-04-12 16:28:25,882 - INFO - Successfully processed face from face_1.jpg
    [91] => 2026-04-12 16:28:25,882 - INFO - Processing image: C:\xampp\htdocs\new attendance\attendance-project2\students\2\face_10.jpg
    [92] => 2026-04-12 16:28:25,923 - INFO - Successfully processed face from face_10.jpg
    [93] => 2026-04-12 16:28:25,923 - INFO - Processing image: C:\xampp\htdocs\new attendance\attendance-project2\students\2\face_2.jpg
    [94] => 2026-04-12 16:28:25,974 - INFO - Successfully processed face from face_2.jpg
    [95] => 2026-04-12 16:28:25,974 - INFO - Processing image: C:\xampp\htdocs\new attendance\attendance-project2\students\2\face_3.jpg
    [96] => 2026-04-12 16:28:26,021 - INFO - Successfully processed face from face_3.jpg
    [97] => 2026-04-12 16:28:26,021 - INFO - Processing image: C:\xampp\htdocs\new attendance\attendance-project2\students\2\face_4.jpg
    [98] => 2026-04-12 16:28:26,064 - INFO - Successfully processed face from face_4.jpg
    [99] => 2026-04-12 16:28:26,064 - INFO - Processing image: C:\xampp\htdocs\new attendance\attendance-project2\students\2\face_5.jpg
    [100] => 2026-04-12 16:28:26,115 - INFO - Successfully processed face from face_5.jpg
    [101] => 2026-04-12 16:28:26,115 - INFO - Processing image: C:\xampp\htdocs\new attendance\attendance-project2\students\2\face_6.jpg
    [102] => 2026-04-12 16:28:26,157 - INFO - Successfully processed face from face_6.jpg
    [103] => 2026-04-12 16:28:26,157 - INFO - Processing image: C:\xampp\htdocs\new attendance\attendance-project2\students\2\face_7.jpg
    [104] => 2026-04-12 16:28:26,205 - INFO - Successfully processed face from face_7.jpg
    [105] => 2026-04-12 16:28:26,205 - INFO - Processing image: C:\xampp\htdocs\new attendance\attendance-project2\students\2\face_8.jpg
    [106] => 2026-04-12 16:28:26,249 - INFO - Successfully processed face from face_8.jpg
    [107] => 2026-04-12 16:28:26,249 - INFO - Processing image: C:\xampp\htdocs\new attendance\attendance-project2\students\2\face_9.jpg
    [108] => 2026-04-12 16:28:26,295 - INFO - Successfully processed face from face_9.jpg
    [109] => 2026-04-12 16:28:26,295 - INFO - Processed 10 faces for student 2
    [110] => 2026-04-12 16:28:26,295 - INFO - Processing student 3 with label 5
    [111] => 2026-04-12 16:28:26,295 - INFO - Processing image: C:\xampp\htdocs\new attendance\attendance-project2\students\3\face_1.jpg
    [112] => 2026-04-12 16:28:26,319 - INFO - Successfully processed face from face_1.jpg
    [113] => 2026-04-12 16:28:26,319 - INFO - Processing image: C:\xampp\htdocs\new attendance\attendance-project2\students\3\face_10.jpg
    [114] => 2026-04-12 16:28:26,349 - INFO - Successfully processed face from face_10.jpg
    [115] => 2026-04-12 16:28:26,349 - INFO - Processing image: C:\xampp\htdocs\new attendance\attendance-project2\students\3\face_2.jpg
    [116] => 2026-04-12 16:28:26,378 - INFO - Successfully processed face from face_2.jpg
    [117] => 2026-04-12 16:28:26,378 - INFO - Processing image: C:\xampp\htdocs\new attendance\attendance-project2\students\3\face_3.jpg
    [118] => 2026-04-12 16:28:26,406 - INFO - Successfully processed face from face_3.jpg
    [119] => 2026-04-12 16:28:26,406 - INFO - Processing image: C:\xampp\htdocs\new attendance\attendance-project2\students\3\face_4.jpg
    [120] => 2026-04-12 16:28:26,440 - INFO - Successfully processed face from face_4.jpg
    [121] => 2026-04-12 16:28:26,440 - INFO - Processing image: C:\xampp\htdocs\new attendance\attendance-project2\students\3\face_5.jpg
    [122] => 2026-04-12 16:28:26,470 - INFO - Successfully processed face from face_5.jpg
    [123] => 2026-04-12 16:28:26,471 - INFO - Processing image: C:\xampp\htdocs\new attendance\attendance-project2\students\3\face_6.jpg
    [124] => 2026-04-12 16:28:26,498 - INFO - Successfully processed face from face_6.jpg
    [125] => 2026-04-12 16:28:26,498 - INFO - Processing image: C:\xampp\htdocs\new attendance\attendance-project2\students\3\face_7.jpg
    [126] => 2026-04-12 16:28:26,527 - INFO - Successfully processed face from face_7.jpg
    [127] => 2026-04-12 16:28:26,527 - INFO - Processing image: C:\xampp\htdocs\new attendance\attendance-project2\students\3\face_8.jpg
    [128] => 2026-04-12 16:28:26,560 - INFO - Successfully processed face from face_8.jpg
    [129] => 2026-04-12 16:28:26,560 - INFO - Processing image: C:\xampp\htdocs\new attendance\attendance-project2\students\3\face_9.jpg
    [130] => 2026-04-12 16:28:26,588 - INFO - Successfully processed face from face_9.jpg
    [131] => 2026-04-12 16:28:26,589 - INFO - Processed 10 faces for student 3
    [132] => 2026-04-12 16:28:26,589 - INFO - Processing student 4 with label 6
    [133] => 2026-04-12 16:28:26,589 - INFO - Processing image: C:\xampp\htdocs\new attendance\attendance-project2\students\4\face_1.jpg
    [134] => 2026-04-12 16:28:26,617 - WARNING - Found 2 faces in face_1.jpg - skipping
    [135] => 2026-04-12 16:28:26,617 - INFO - Processing image: C:\xampp\htdocs\new attendance\attendance-project2\students\4\face_10.jpg
    [136] => 2026-04-12 16:28:26,646 - WARNING - Found 2 faces in face_10.jpg - skipping
    [137] => 2026-04-12 16:28:26,646 - INFO - Processing image: C:\xampp\htdocs\new attendance\attendance-project2\students\4\face_2.jpg
    [138] => 2026-04-12 16:28:26,682 - INFO - Successfully processed face from face_2.jpg
    [139] => 2026-04-12 16:28:26,683 - INFO - Processing image: C:\xampp\htdocs\new attendance\attendance-project2\students\4\face_3.jpg
    [140] => 2026-04-12 16:28:26,718 - INFO - Successfully processed face from face_3.jpg
    [141] => 2026-04-12 16:28:26,718 - INFO - Processing image: C:\xampp\htdocs\new attendance\attendance-project2\students\4\face_4.jpg
    [142] => 2026-04-12 16:28:26,755 - INFO - Successfully processed face from face_4.jpg
    [143] => 2026-04-12 16:28:26,755 - INFO - Processing image: C:\xampp\htdocs\new attendance\attendance-project2\students\4\face_5.jpg
    [144] => 2026-04-12 16:28:26,787 - WARNING - Found 2 faces in face_5.jpg - skipping
    [145] => 2026-04-12 16:28:26,787 - INFO - Processing image: C:\xampp\htdocs\new attendance\attendance-project2\students\4\face_6.jpg
    [146] => 2026-04-12 16:28:26,879 - WARNING - Found 2 faces in face_6.jpg - skipping
    [147] => 2026-04-12 16:28:26,879 - INFO - Processing image: C:\xampp\htdocs\new attendance\attendance-project2\students\4\face_7.jpg
    [148] => 2026-04-12 16:28:26,946 - WARNING - Found 2 faces in face_7.jpg - skipping
    [149] => 2026-04-12 16:28:26,947 - INFO - Processing image: C:\xampp\htdocs\new attendance\attendance-project2\students\4\face_8.jpg
    [150] => 2026-04-12 16:28:27,010 - WARNING - Found 2 faces in face_8.jpg - skipping
    [151] => 2026-04-12 16:28:27,010 - INFO - Processing image: C:\xampp\htdocs\new attendance\attendance-project2\students\4\face_9.jpg
    [152] => 2026-04-12 16:28:27,078 - INFO - Successfully processed face from face_9.jpg
    [153] => 2026-04-12 16:28:27,078 - INFO - Processed 4 faces for student 4
    [154] => 2026-04-12 16:28:27,078 - INFO - Processing student 5 with label 7
    [155] => 2026-04-12 16:28:27,078 - INFO - Processing image: C:\xampp\htdocs\new attendance\attendance-project2\students\5\face_1.jpg
    [156] => 2026-04-12 16:28:27,136 - INFO - Successfully processed face from face_1.jpg
    [157] => 2026-04-12 16:28:27,136 - INFO - Processing image: C:\xampp\htdocs\new attendance\attendance-project2\students\5\face_10.jpg
    [158] => 2026-04-12 16:28:27,202 - INFO - Successfully processed face from face_10.jpg
    [159] => 2026-04-12 16:28:27,202 - INFO - Processing image: C:\xampp\htdocs\new attendance\attendance-project2\students\5\face_2.jpg
    [160] => 2026-04-12 16:28:27,260 - INFO - Successfully processed face from face_2.jpg
    [161] => 2026-04-12 16:28:27,260 - INFO - Processing image: C:\xampp\htdocs\new attendance\attendance-project2\students\5\face_3.jpg
    [162] => 2026-04-12 16:28:27,319 - INFO - Successfully processed face from face_3.jpg
    [163] => 2026-04-12 16:28:27,319 - INFO - Processing image: C:\xampp\htdocs\new attendance\attendance-project2\students\5\face_4.jpg
    [164] => 2026-04-12 16:28:27,387 - INFO - Successfully processed face from face_4.jpg
    [165] => 2026-04-12 16:28:27,387 - INFO - Processing image: C:\xampp\htdocs\new attendance\attendance-project2\students\5\face_5.jpg
    [166] => 2026-04-12 16:28:27,450 - INFO - Successfully processed face from face_5.jpg
    [167] => 2026-04-12 16:28:27,450 - INFO - Processing image: C:\xampp\htdocs\new attendance\attendance-project2\students\5\face_6.jpg
    [168] => 2026-04-12 16:28:27,509 - INFO - Successfully processed face from face_6.jpg
    [169] => 2026-04-12 16:28:27,510 - INFO - Processing image: C:\xampp\htdocs\new attendance\attendance-project2\students\5\face_7.jpg
    [170] => 2026-04-12 16:28:27,569 - INFO - Successfully processed face from face_7.jpg
    [171] => 2026-04-12 16:28:27,570 - INFO - Processing image: C:\xampp\htdocs\new attendance\attendance-project2\students\5\face_8.jpg
    [172] => 2026-04-12 16:28:27,627 - INFO - Successfully processed face from face_8.jpg
    [173] => 2026-04-12 16:28:27,627 - INFO - Processing image: C:\xampp\htdocs\new attendance\attendance-project2\students\5\face_9.jpg
    [174] => 2026-04-12 16:28:27,697 - INFO - Successfully processed face from face_9.jpg
    [175] => 2026-04-12 16:28:27,697 - INFO - Processed 10 faces for student 5
    [176] => 2026-04-12 16:28:27,697 - INFO - Processing student 6 with label 8
    [177] => 2026-04-12 16:28:27,698 - INFO - Processing image: C:\xampp\htdocs\new attendance\attendance-project2\students\6\face_1.jpg
    [178] => 2026-04-12 16:28:27,753 - WARNING - Found 2 faces in face_1.jpg - skipping
    [179] => 2026-04-12 16:28:27,753 - INFO - Processing image: C:\xampp\htdocs\new attendance\attendance-project2\students\6\face_10.jpg
    [180] => 2026-04-12 16:28:27,830 - WARNING - Found 2 faces in face_10.jpg - skipping
    [181] => 2026-04-12 16:28:27,830 - INFO - Processing image: C:\xampp\htdocs\new attendance\attendance-project2\students\6\face_2.jpg
    [182] => 2026-04-12 16:28:27,905 - WARNING - Found 2 faces in face_2.jpg - skipping
    [183] => 2026-04-12 16:28:27,905 - INFO - Processing image: C:\xampp\htdocs\new attendance\attendance-project2\students\6\face_3.jpg
    [184] => 2026-04-12 16:28:27,975 - WARNING - Found 2 faces in face_3.jpg - skipping
    [185] => 2026-04-12 16:28:27,975 - INFO - Processing image: C:\xampp\htdocs\new attendance\attendance-project2\students\6\face_4.jpg
    [186] => 2026-04-12 16:28:28,040 - WARNING - Found 2 faces in face_4.jpg - skipping
    [187] => 2026-04-12 16:28:28,040 - INFO - Processing image: C:\xampp\htdocs\new attendance\attendance-project2\students\6\face_5.jpg
    [188] => 2026-04-12 16:28:28,100 - WARNING - Found 2 faces in face_5.jpg - skipping
    [189] => 2026-04-12 16:28:28,100 - INFO - Processing image: C:\xampp\htdocs\new attendance\attendance-project2\students\6\face_6.jpg
    [190] => 2026-04-12 16:28:28,159 - WARNING - Found 2 faces in face_6.jpg - skipping
    [191] => 2026-04-12 16:28:28,159 - INFO - Processing image: C:\xampp\htdocs\new attendance\attendance-project2\students\6\face_7.jpg
    [192] => 2026-04-12 16:28:28,221 - WARNING - Found 2 faces in face_7.jpg - skipping
    [193] => 2026-04-12 16:28:28,221 - INFO - Processing image: C:\xampp\htdocs\new attendance\attendance-project2\students\6\face_8.jpg
    [194] => 2026-04-12 16:28:28,281 - WARNING - Found 2 faces in face_8.jpg - skipping
    [195] => 2026-04-12 16:28:28,281 - INFO - Processing image: C:\xampp\htdocs\new attendance\attendance-project2\students\6\face_9.jpg
    [196] => 2026-04-12 16:28:28,345 - WARNING - Found 2 faces in face_9.jpg - skipping
    [197] => 2026-04-12 16:28:28,345 - INFO - Processed 0 faces for student 6
    [198] => 2026-04-12 16:28:28,345 - INFO - Training model with 792 faces...
    [199] => {"success": true, "message": "Model trained with 792 faces from 9 students"}
)

2026-04-12 12:43:35 - Return code: 0
2026-04-12 12:43:35 - Student registration completed successfully
2026-04-12 13:09:47 - Starting student registration process
2026-04-12 13:09:47 - Student details: {"name":"TEST TEST","reg":"1"}
2026-04-12 13:09:47 - Base directory: C:\xampp\htdocs\new attendance\attendance-project2
2026-04-12 13:09:47 - Python script path: C:\xampp\htdocs\new attendance\attendance-project2/python/realtime_recognition.py
2026-04-12 13:09:47 - Creating student directory: C:\xampp\htdocs\new attendance\attendance-project2/students/1
2026-04-12 13:09:47 - Creating student directory: C:\xampp\htdocs\new attendance\attendance-project2/validated_faces/student1
2026-04-12 13:09:47 - Processing image 1 for student 1
2026-04-12 13:09:47 - Saved image to: C:\xampp\htdocs\new attendance\attendance-project2/students/1/face_1.jpg
2026-04-12 13:09:47 - Saved image to: C:\xampp\htdocs\new attendance\attendance-project2/validated_faces/student1/face_1.jpg
2026-04-12 13:09:47 - Saved image to: resources/labels/1/face_1.jpg
2026-04-12 13:09:47 - Processing image 2 for student 1
2026-04-12 13:09:47 - Saved image to: C:\xampp\htdocs\new attendance\attendance-project2/students/1/face_2.jpg
2026-04-12 13:09:47 - Saved image to: C:\xampp\htdocs\new attendance\attendance-project2/validated_faces/student1/face_2.jpg
2026-04-12 13:09:47 - Saved image to: resources/labels/1/face_2.jpg
2026-04-12 13:09:47 - Processing image 3 for student 1
2026-04-12 13:09:47 - Saved image to: C:\xampp\htdocs\new attendance\attendance-project2/students/1/face_3.jpg
2026-04-12 13:09:47 - Saved image to: C:\xampp\htdocs\new attendance\attendance-project2/validated_faces/student1/face_3.jpg
2026-04-12 13:09:47 - Saved image to: resources/labels/1/face_3.jpg
2026-04-12 13:09:47 - Processing image 4 for student 1
2026-04-12 13:09:47 - Saved image to: C:\xampp\htdocs\new attendance\attendance-project2/students/1/face_4.jpg
2026-04-12 13:09:47 - Saved image to: C:\xampp\htdocs\new attendance\attendance-project2/validated_faces/student1/face_4.jpg
2026-04-12 13:09:47 - Saved image to: resources/labels/1/face_4.jpg
2026-04-12 13:09:47 - Processing image 5 for student 1
2026-04-12 13:09:47 - Saved image to: C:\xampp\htdocs\new attendance\attendance-project2/students/1/face_5.jpg
2026-04-12 13:09:47 - Saved image to: C:\xampp\htdocs\new attendance\attendance-project2/validated_faces/student1/face_5.jpg
2026-04-12 13:09:47 - Saved image to: resources/labels/1/face_5.jpg
2026-04-12 13:09:47 - Processing image 6 for student 1
2026-04-12 13:09:47 - Saved image to: C:\xampp\htdocs\new attendance\attendance-project2/students/1/face_6.jpg
2026-04-12 13:09:47 - Saved image to: C:\xampp\htdocs\new attendance\attendance-project2/validated_faces/student1/face_6.jpg
2026-04-12 13:09:47 - Saved image to: resources/labels/1/face_6.jpg
2026-04-12 13:09:47 - Processing image 7 for student 1
2026-04-12 13:09:47 - Saved image to: C:\xampp\htdocs\new attendance\attendance-project2/students/1/face_7.jpg
2026-04-12 13:09:47 - Saved image to: C:\xampp\htdocs\new attendance\attendance-project2/validated_faces/student1/face_7.jpg
2026-04-12 13:09:47 - Saved image to: resources/labels/1/face_7.jpg
2026-04-12 13:09:47 - Processing image 8 for student 1
2026-04-12 13:09:47 - Saved image to: C:\xampp\htdocs\new attendance\attendance-project2/students/1/face_8.jpg
2026-04-12 13:09:47 - Saved image to: C:\xampp\htdocs\new attendance\attendance-project2/validated_faces/student1/face_8.jpg
2026-04-12 13:09:47 - Saved image to: resources/labels/1/face_8.jpg
2026-04-12 13:09:47 - Processing image 9 for student 1
2026-04-12 13:09:47 - Saved image to: C:\xampp\htdocs\new attendance\attendance-project2/students/1/face_9.jpg
2026-04-12 13:09:47 - Saved image to: C:\xampp\htdocs\new attendance\attendance-project2/validated_faces/student1/face_9.jpg
2026-04-12 13:09:47 - Saved image to: resources/labels/1/face_9.jpg
2026-04-12 13:09:47 - Processing image 10 for student 1
2026-04-12 13:09:47 - Saved image to: C:\xampp\htdocs\new attendance\attendance-project2/students/1/face_10.jpg
2026-04-12 13:09:47 - Saved image to: C:\xampp\htdocs\new attendance\attendance-project2/validated_faces/student1/face_10.jpg
2026-04-12 13:09:47 - Saved image to: resources/labels/1/face_10.jpg
2026-04-12 13:09:47 - Saved student info files
2026-04-12 13:09:47 - Executing command: python "C:\xampp\htdocs\new attendance\attendance-project2/python/realtime_recognition.py" --train
2026-04-12 13:09:48 - Command output: Array
(
    [0] => 2026-04-12 16:54:47,537 - INFO - Processing student 1 with label 0
    [1] => 2026-04-12 16:54:47,537 - INFO - Processing image: C:\xampp\htdocs\new attendance\attendance-project2\students\1\face_1.jpg
    [2] => 2026-04-12 16:54:47,825 - INFO - Successfully processed face from face_1.jpg
    [3] => 2026-04-12 16:54:47,825 - INFO - Processing image: C:\xampp\htdocs\new attendance\attendance-project2\students\1\face_10.jpg
    [4] => 2026-04-12 16:54:47,861 - INFO - Successfully processed face from face_10.jpg
    [5] => 2026-04-12 16:54:47,861 - INFO - Processing image: C:\xampp\htdocs\new attendance\attendance-project2\students\1\face_2.jpg
    [6] => 2026-04-12 16:54:47,899 - INFO - Successfully processed face from face_2.jpg
    [7] => 2026-04-12 16:54:47,899 - INFO - Processing image: C:\xampp\htdocs\new attendance\attendance-project2\students\1\face_3.jpg
    [8] => 2026-04-12 16:54:47,928 - INFO - Successfully processed face from face_3.jpg
    [9] => 2026-04-12 16:54:47,928 - INFO - Processing image: C:\xampp\htdocs\new attendance\attendance-project2\students\1\face_4.jpg
    [10] => 2026-04-12 16:54:47,959 - INFO - Successfully processed face from face_4.jpg
    [11] => 2026-04-12 16:54:47,959 - INFO - Processing image: C:\xampp\htdocs\new attendance\attendance-project2\students\1\face_5.jpg
    [12] => 2026-04-12 16:54:47,988 - INFO - Successfully processed face from face_5.jpg
    [13] => 2026-04-12 16:54:47,988 - INFO - Processing image: C:\xampp\htdocs\new attendance\attendance-project2\students\1\face_6.jpg
    [14] => 2026-04-12 16:54:48,017 - INFO - Successfully processed face from face_6.jpg
    [15] => 2026-04-12 16:54:48,017 - INFO - Processing image: C:\xampp\htdocs\new attendance\attendance-project2\students\1\face_7.jpg
    [16] => 2026-04-12 16:54:48,041 - INFO - Successfully processed face from face_7.jpg
    [17] => 2026-04-12 16:54:48,041 - INFO - Processing image: C:\xampp\htdocs\new attendance\attendance-project2\students\1\face_8.jpg
    [18] => 2026-04-12 16:54:48,072 - INFO - Successfully processed face from face_8.jpg
    [19] => 2026-04-12 16:54:48,072 - INFO - Processing image: C:\xampp\htdocs\new attendance\attendance-project2\students\1\face_9.jpg
    [20] => 2026-04-12 16:54:48,100 - INFO - Successfully processed face from face_9.jpg
    [21] => 2026-04-12 16:54:48,100 - INFO - Processed 10 faces for student 1
    [22] => 2026-04-12 16:54:48,100 - INFO - Training model with 50 face variations...
    [23] => {"success": true, "message": "Model trained with 50 faces from 1 students"}
)

2026-04-12 13:09:48 - Return code: 0
2026-04-12 13:09:48 - Student registration completed successfully
2026-04-20 18:26:15 - Starting student registration process
2026-04-20 18:26:15 - Student details: {"name":"Shreebisha Shrestha","reg":"1"}
2026-04-20 18:26:15 - Base directory: C:\xampp\htdocs\new attendance\attendance-project2
2026-04-20 18:26:15 - Python script path: C:\xampp\htdocs\new attendance\attendance-project2/python/realtime_recognition.py
2026-04-20 18:26:15 - Processing image 1 for student 1
2026-04-20 18:26:15 - Saved image to: C:\xampp\htdocs\new attendance\attendance-project2/students/1/face_1.jpg
2026-04-20 18:26:15 - Saved image to: C:\xampp\htdocs\new attendance\attendance-project2/validated_faces/student1/face_1.jpg
2026-04-20 18:26:15 - Saved image to: resources/labels/1/face_1.jpg
2026-04-20 18:26:15 - Processing image 2 for student 1
2026-04-20 18:26:15 - Saved image to: C:\xampp\htdocs\new attendance\attendance-project2/students/1/face_2.jpg
2026-04-20 18:26:15 - Saved image to: C:\xampp\htdocs\new attendance\attendance-project2/validated_faces/student1/face_2.jpg
2026-04-20 18:26:15 - Saved image to: resources/labels/1/face_2.jpg
2026-04-20 18:26:15 - Processing image 3 for student 1
2026-04-20 18:26:15 - Saved image to: C:\xampp\htdocs\new attendance\attendance-project2/students/1/face_3.jpg
2026-04-20 18:26:15 - Saved image to: C:\xampp\htdocs\new attendance\attendance-project2/validated_faces/student1/face_3.jpg
2026-04-20 18:26:15 - Saved image to: resources/labels/1/face_3.jpg
2026-04-20 18:26:15 - Processing image 4 for student 1
2026-04-20 18:26:15 - Saved image to: C:\xampp\htdocs\new attendance\attendance-project2/students/1/face_4.jpg
2026-04-20 18:26:15 - Saved image to: C:\xampp\htdocs\new attendance\attendance-project2/validated_faces/student1/face_4.jpg
2026-04-20 18:26:15 - Saved image to: resources/labels/1/face_4.jpg
2026-04-20 18:26:15 - Processing image 5 for student 1
2026-04-20 18:26:15 - Saved image to: C:\xampp\htdocs\new attendance\attendance-project2/students/1/face_5.jpg
2026-04-20 18:26:15 - Saved image to: C:\xampp\htdocs\new attendance\attendance-project2/validated_faces/student1/face_5.jpg
2026-04-20 18:26:15 - Saved image to: resources/labels/1/face_5.jpg
2026-04-20 18:26:15 - Processing image 6 for student 1
2026-04-20 18:26:15 - Saved image to: C:\xampp\htdocs\new attendance\attendance-project2/students/1/face_6.jpg
2026-04-20 18:26:15 - Saved image to: C:\xampp\htdocs\new attendance\attendance-project2/validated_faces/student1/face_6.jpg
2026-04-20 18:26:15 - Saved image to: resources/labels/1/face_6.jpg
2026-04-20 18:26:15 - Processing image 7 for student 1
2026-04-20 18:26:15 - Saved image to: C:\xampp\htdocs\new attendance\attendance-project2/students/1/face_7.jpg
2026-04-20 18:26:15 - Saved image to: C:\xampp\htdocs\new attendance\attendance-project2/validated_faces/student1/face_7.jpg
2026-04-20 18:26:15 - Saved image to: resources/labels/1/face_7.jpg
2026-04-20 18:26:15 - Processing image 8 for student 1
2026-04-20 18:26:15 - Saved image to: C:\xampp\htdocs\new attendance\attendance-project2/students/1/face_8.jpg
2026-04-20 18:26:15 - Saved image to: C:\xampp\htdocs\new attendance\attendance-project2/validated_faces/student1/face_8.jpg
2026-04-20 18:26:15 - Saved image to: resources/labels/1/face_8.jpg
2026-04-20 18:26:15 - Processing image 9 for student 1
2026-04-20 18:26:15 - Saved image to: C:\xampp\htdocs\new attendance\attendance-project2/students/1/face_9.jpg
2026-04-20 18:26:15 - Saved image to: C:\xampp\htdocs\new attendance\attendance-project2/validated_faces/student1/face_9.jpg
2026-04-20 18:26:15 - Saved image to: resources/labels/1/face_9.jpg
2026-04-20 18:26:15 - Processing image 10 for student 1
2026-04-20 18:26:15 - Saved image to: C:\xampp\htdocs\new attendance\attendance-project2/students/1/face_10.jpg
2026-04-20 18:26:15 - Saved image to: C:\xampp\htdocs\new attendance\attendance-project2/validated_faces/student1/face_10.jpg
2026-04-20 18:26:15 - Saved image to: resources/labels/1/face_10.jpg
2026-04-20 18:26:15 - Saved student info files
2026-04-20 18:26:15 - Executing command: python "C:\xampp\htdocs\new attendance\attendance-project2/python/realtime_recognition.py" --train
2026-04-20 18:26:16 - Command output: Array
(
    [0] => 2026-04-20 22:11:15,445 - INFO - Processing student 1 with label 0
    [1] => 2026-04-20 22:11:15,447 - INFO - Processing image: C:\xampp\htdocs\new attendance\attendance-project2\students\1\face_1.jpg
    [2] => 2026-04-20 22:11:15,771 - INFO - Successfully processed face from face_1.jpg
    [3] => 2026-04-20 22:11:15,771 - INFO - Processing image: C:\xampp\htdocs\new attendance\attendance-project2\students\1\face_10.jpg
    [4] => 2026-04-20 22:11:15,824 - INFO - Successfully processed face from face_10.jpg
    [5] => 2026-04-20 22:11:15,824 - INFO - Processing image: C:\xampp\htdocs\new attendance\attendance-project2\students\1\face_2.jpg
    [6] => 2026-04-20 22:11:15,879 - INFO - Successfully processed face from face_2.jpg
    [7] => 2026-04-20 22:11:15,879 - INFO - Processing image: C:\xampp\htdocs\new attendance\attendance-project2\students\1\face_3.jpg
    [8] => 2026-04-20 22:11:15,932 - INFO - Successfully processed face from face_3.jpg
    [9] => 2026-04-20 22:11:15,932 - INFO - Processing image: C:\xampp\htdocs\new attendance\attendance-project2\students\1\face_4.jpg
    [10] => 2026-04-20 22:11:15,984 - INFO - Successfully processed face from face_4.jpg
    [11] => 2026-04-20 22:11:15,984 - INFO - Processing image: C:\xampp\htdocs\new attendance\attendance-project2\students\1\face_5.jpg
    [12] => 2026-04-20 22:11:16,039 - INFO - Successfully processed face from face_5.jpg
    [13] => 2026-04-20 22:11:16,040 - INFO - Processing image: C:\xampp\htdocs\new attendance\attendance-project2\students\1\face_6.jpg
    [14] => 2026-04-20 22:11:16,092 - INFO - Successfully processed face from face_6.jpg
    [15] => 2026-04-20 22:11:16,092 - INFO - Processing image: C:\xampp\htdocs\new attendance\attendance-project2\students\1\face_7.jpg
    [16] => 2026-04-20 22:11:16,144 - INFO - Successfully processed face from face_7.jpg
    [17] => 2026-04-20 22:11:16,144 - INFO - Processing image: C:\xampp\htdocs\new attendance\attendance-project2\students\1\face_8.jpg
    [18] => 2026-04-20 22:11:16,196 - INFO - Successfully processed face from face_8.jpg
    [19] => 2026-04-20 22:11:16,196 - INFO - Processing image: C:\xampp\htdocs\new attendance\attendance-project2\students\1\face_9.jpg
    [20] => 2026-04-20 22:11:16,250 - INFO - Successfully processed face from face_9.jpg
    [21] => 2026-04-20 22:11:16,251 - INFO - Processed 10 faces for student 1
    [22] => 2026-04-20 22:11:16,254 - INFO - Training model with 50 face variations...
    [23] => {"success": true, "message": "Model trained with 50 faces from 1 students"}
)

2026-04-20 18:26:16 - Return code: 0
2026-04-20 18:26:16 - Error: Student with the given Registration No: 1 already exists!
2026-04-20 18:27:21 - Starting student registration process
2026-04-20 18:27:21 - Student details: {"name":"shree shree","reg":"2"}
2026-04-20 18:27:21 - Base directory: C:\xampp\htdocs\new attendance\attendance-project2
2026-04-20 18:27:21 - Python script path: C:\xampp\htdocs\new attendance\attendance-project2/python/realtime_recognition.py
2026-04-20 18:27:21 - Creating student directory: C:\xampp\htdocs\new attendance\attendance-project2/students/2
2026-04-20 18:27:21 - Creating student directory: C:\xampp\htdocs\new attendance\attendance-project2/validated_faces/student2
2026-04-20 18:27:21 - Processing image 1 for student 2
2026-04-20 18:27:21 - Saved image to: C:\xampp\htdocs\new attendance\attendance-project2/students/2/face_1.jpg
2026-04-20 18:27:21 - Saved image to: C:\xampp\htdocs\new attendance\attendance-project2/validated_faces/student2/face_1.jpg
2026-04-20 18:27:21 - Saved image to: resources/labels/2/face_1.jpg
2026-04-20 18:27:21 - Processing image 2 for student 2
2026-04-20 18:27:21 - Saved image to: C:\xampp\htdocs\new attendance\attendance-project2/students/2/face_2.jpg
2026-04-20 18:27:21 - Saved image to: C:\xampp\htdocs\new attendance\attendance-project2/validated_faces/student2/face_2.jpg
2026-04-20 18:27:21 - Saved image to: resources/labels/2/face_2.jpg
2026-04-20 18:27:21 - Processing image 3 for student 2
2026-04-20 18:27:21 - Saved image to: C:\xampp\htdocs\new attendance\attendance-project2/students/2/face_3.jpg
2026-04-20 18:27:21 - Saved image to: C:\xampp\htdocs\new attendance\attendance-project2/validated_faces/student2/face_3.jpg
2026-04-20 18:27:21 - Saved image to: resources/labels/2/face_3.jpg
2026-04-20 18:27:21 - Processing image 4 for student 2
2026-04-20 18:27:21 - Saved image to: C:\xampp\htdocs\new attendance\attendance-project2/students/2/face_4.jpg
2026-04-20 18:27:21 - Saved image to: C:\xampp\htdocs\new attendance\attendance-project2/validated_faces/student2/face_4.jpg
2026-04-20 18:27:21 - Saved image to: resources/labels/2/face_4.jpg
2026-04-20 18:27:21 - Processing image 5 for student 2
2026-04-20 18:27:21 - Saved image to: C:\xampp\htdocs\new attendance\attendance-project2/students/2/face_5.jpg
2026-04-20 18:27:21 - Saved image to: C:\xampp\htdocs\new attendance\attendance-project2/validated_faces/student2/face_5.jpg
2026-04-20 18:27:21 - Saved image to: resources/labels/2/face_5.jpg
2026-04-20 18:27:21 - Processing image 6 for student 2
2026-04-20 18:27:21 - Saved image to: C:\xampp\htdocs\new attendance\attendance-project2/students/2/face_6.jpg
2026-04-20 18:27:21 - Saved image to: C:\xampp\htdocs\new attendance\attendance-project2/validated_faces/student2/face_6.jpg
2026-04-20 18:27:21 - Saved image to: resources/labels/2/face_6.jpg
2026-04-20 18:27:21 - Processing image 7 for student 2
2026-04-20 18:27:21 - Saved image to: C:\xampp\htdocs\new attendance\attendance-project2/students/2/face_7.jpg
2026-04-20 18:27:21 - Saved image to: C:\xampp\htdocs\new attendance\attendance-project2/validated_faces/student2/face_7.jpg
2026-04-20 18:27:21 - Saved image to: resources/labels/2/face_7.jpg
2026-04-20 18:27:21 - Processing image 8 for student 2
2026-04-20 18:27:21 - Saved image to: C:\xampp\htdocs\new attendance\attendance-project2/students/2/face_8.jpg
2026-04-20 18:27:21 - Saved image to: C:\xampp\htdocs\new attendance\attendance-project2/validated_faces/student2/face_8.jpg
2026-04-20 18:27:21 - Saved image to: resources/labels/2/face_8.jpg
2026-04-20 18:27:21 - Processing image 9 for student 2
2026-04-20 18:27:21 - Saved image to: C:\xampp\htdocs\new attendance\attendance-project2/students/2/face_9.jpg
2026-04-20 18:27:21 - Saved image to: C:\xampp\htdocs\new attendance\attendance-project2/validated_faces/student2/face_9.jpg
2026-04-20 18:27:21 - Saved image to: resources/labels/2/face_9.jpg
2026-04-20 18:27:21 - Processing image 10 for student 2
2026-04-20 18:27:21 - Saved image to: C:\xampp\htdocs\new attendance\attendance-project2/students/2/face_10.jpg
2026-04-20 18:27:21 - Saved image to: C:\xampp\htdocs\new attendance\attendance-project2/validated_faces/student2/face_10.jpg
2026-04-20 18:27:21 - Saved image to: resources/labels/2/face_10.jpg
2026-04-20 18:27:21 - Saved student info files
2026-04-20 18:27:21 - Executing command: python "C:\xampp\htdocs\new attendance\attendance-project2/python/realtime_recognition.py" --train
2026-04-20 18:27:23 - Command output: Array
(
    [0] => 2026-04-20 22:12:21,431 - INFO - Processing student 1 with label 0
    [1] => 2026-04-20 22:12:21,432 - INFO - Processing image: C:\xampp\htdocs\new attendance\attendance-project2\students\1\face_1.jpg
    [2] => 2026-04-20 22:12:21,772 - INFO - Successfully processed face from face_1.jpg
    [3] => 2026-04-20 22:12:21,772 - INFO - Processing image: C:\xampp\htdocs\new attendance\attendance-project2\students\1\face_10.jpg
    [4] => 2026-04-20 22:12:21,829 - INFO - Successfully processed face from face_10.jpg
    [5] => 2026-04-20 22:12:21,829 - INFO - Processing image: C:\xampp\htdocs\new attendance\attendance-project2\students\1\face_2.jpg
    [6] => 2026-04-20 22:12:21,882 - INFO - Successfully processed face from face_2.jpg
    [7] => 2026-04-20 22:12:21,882 - INFO - Processing image: C:\xampp\htdocs\new attendance\attendance-project2\students\1\face_3.jpg
    [8] => 2026-04-20 22:12:21,932 - INFO - Successfully processed face from face_3.jpg
    [9] => 2026-04-20 22:12:21,932 - INFO - Processing image: C:\xampp\htdocs\new attendance\attendance-project2\students\1\face_4.jpg
    [10] => 2026-04-20 22:12:21,987 - INFO - Successfully processed face from face_4.jpg
    [11] => 2026-04-20 22:12:21,987 - INFO - Processing image: C:\xampp\htdocs\new attendance\attendance-project2\students\1\face_5.jpg
    [12] => 2026-04-20 22:12:22,040 - INFO - Successfully processed face from face_5.jpg
    [13] => 2026-04-20 22:12:22,040 - INFO - Processing image: C:\xampp\htdocs\new attendance\attendance-project2\students\1\face_6.jpg
    [14] => 2026-04-20 22:12:22,092 - INFO - Successfully processed face from face_6.jpg
    [15] => 2026-04-20 22:12:22,092 - INFO - Processing image: C:\xampp\htdocs\new attendance\attendance-project2\students\1\face_7.jpg
    [16] => 2026-04-20 22:12:22,142 - INFO - Successfully processed face from face_7.jpg
    [17] => 2026-04-20 22:12:22,142 - INFO - Processing image: C:\xampp\htdocs\new attendance\attendance-project2\students\1\face_8.jpg
    [18] => 2026-04-20 22:12:22,195 - INFO - Successfully processed face from face_8.jpg
    [19] => 2026-04-20 22:12:22,196 - INFO - Processing image: C:\xampp\htdocs\new attendance\attendance-project2\students\1\face_9.jpg
    [20] => 2026-04-20 22:12:22,244 - INFO - Successfully processed face from face_9.jpg
    [21] => 2026-04-20 22:12:22,244 - INFO - Processed 10 faces for student 1
    [22] => 2026-04-20 22:12:22,244 - INFO - Processing student 2 with label 1
    [23] => 2026-04-20 22:12:22,246 - INFO - Processing image: C:\xampp\htdocs\new attendance\attendance-project2\students\2\face_1.jpg
    [24] => 2026-04-20 22:12:22,293 - INFO - Successfully processed face from face_1.jpg
    [25] => 2026-04-20 22:12:22,293 - INFO - Processing image: C:\xampp\htdocs\new attendance\attendance-project2\students\2\face_10.jpg
    [26] => 2026-04-20 22:12:22,340 - INFO - Successfully processed face from face_10.jpg
    [27] => 2026-04-20 22:12:22,341 - INFO - Processing image: C:\xampp\htdocs\new attendance\attendance-project2\students\2\face_2.jpg
    [28] => 2026-04-20 22:12:22,390 - INFO - Successfully processed face from face_2.jpg
    [29] => 2026-04-20 22:12:22,390 - INFO - Processing image: C:\xampp\htdocs\new attendance\attendance-project2\students\2\face_3.jpg
    [30] => 2026-04-20 22:12:22,440 - INFO - Successfully processed face from face_3.jpg
    [31] => 2026-04-20 22:12:22,440 - INFO - Processing image: C:\xampp\htdocs\new attendance\attendance-project2\students\2\face_4.jpg
    [32] => 2026-04-20 22:12:22,490 - INFO - Successfully processed face from face_4.jpg
    [33] => 2026-04-20 22:12:22,490 - INFO - Processing image: C:\xampp\htdocs\new attendance\attendance-project2\students\2\face_5.jpg
    [34] => 2026-04-20 22:12:22,538 - INFO - Successfully processed face from face_5.jpg
    [35] => 2026-04-20 22:12:22,538 - INFO - Processing image: C:\xampp\htdocs\new attendance\attendance-project2\students\2\face_6.jpg
    [36] => 2026-04-20 22:12:22,590 - INFO - Successfully processed face from face_6.jpg
    [37] => 2026-04-20 22:12:22,590 - INFO - Processing image: C:\xampp\htdocs\new attendance\attendance-project2\students\2\face_7.jpg
    [38] => 2026-04-20 22:12:22,640 - INFO - Successfully processed face from face_7.jpg
    [39] => 2026-04-20 22:12:22,640 - INFO - Processing image: C:\xampp\htdocs\new attendance\attendance-project2\students\2\face_8.jpg
    [40] => 2026-04-20 22:12:22,689 - INFO - Successfully processed face from face_8.jpg
    [41] => 2026-04-20 22:12:22,689 - INFO - Processing image: C:\xampp\htdocs\new attendance\attendance-project2\students\2\face_9.jpg
    [42] => 2026-04-20 22:12:22,733 - INFO - Successfully processed face from face_9.jpg
    [43] => 2026-04-20 22:12:22,734 - INFO - Processed 10 faces for student 2
    [44] => 2026-04-20 22:12:22,739 - INFO - Training model with 100 face variations...
    [45] => {"success": true, "message": "Model trained with 100 faces from 2 students"}
)

2026-04-20 18:27:23 - Return code: 0
2026-04-20 18:27:23 - Student registration completed successfully
2026-05-12 05:02:07 - Starting student update process
2026-05-12 05:02:07 - Student update details: {"id":136,"name":"Sujal Chitrakars","reg":"1234"}
2026-05-12 05:02:07 - Student update completed successfully
2026-05-12 05:02:34 - Starting student registration process
2026-05-12 05:02:34 - Student details: {"name":"Sujal Chitrakar","reg":"123"}
2026-05-12 05:02:34 - Base directory: C:\xampp\htdocs\new\Face-Recognition-Attendance-System
2026-05-12 05:02:34 - Python script path: C:\xampp\htdocs\new\Face-Recognition-Attendance-System/python/realtime_recognition.py
2026-05-12 05:02:34 - Creating student directory: C:\xampp\htdocs\new\Face-Recognition-Attendance-System/students/123
2026-05-12 05:02:34 - Creating student directory: C:\xampp\htdocs\new\Face-Recognition-Attendance-System/validated_faces/student123
2026-05-12 05:02:34 - Creating student directory: resources/labels/123
2026-05-12 05:02:34 - Processing image 1 for student 123
2026-05-12 05:02:34 - Failed to decode image 1
2026-05-12 05:02:34 - Error: No valid images were captured
2026-05-12 05:03:09 - Starting student registration process
2026-05-12 05:03:09 - Student details: {"name":"Sujal Chitrakar","reg":"123"}
2026-05-12 05:03:09 - Base directory: C:\xampp\htdocs\new\Face-Recognition-Attendance-System
2026-05-12 05:03:09 - Python script path: C:\xampp\htdocs\new\Face-Recognition-Attendance-System/python/realtime_recognition.py
2026-05-12 05:03:09 - Creating student directory: C:\xampp\htdocs\new\Face-Recognition-Attendance-System/validated_faces/student123
2026-05-12 05:03:09 - Processing image 1 for student 123
2026-05-12 05:03:09 - Failed to decode image 1
2026-05-12 05:03:09 - Error: No valid images were captured
2026-05-12 05:03:39 - Starting student registration process
2026-05-12 05:03:39 - Student details: {"name":"Sujal Chitrakar","reg":"123"}
2026-05-12 05:03:39 - Base directory: C:\xampp\htdocs\new\Face-Recognition-Attendance-System
2026-05-12 05:03:39 - Python script path: C:\xampp\htdocs\new\Face-Recognition-Attendance-System/python/realtime_recognition.py
2026-05-12 05:03:39 - Creating student directory: C:\xampp\htdocs\new\Face-Recognition-Attendance-System/validated_faces/student123
2026-05-12 05:03:39 - Processing image 1 for student 123
2026-05-12 05:03:39 - Failed to decode image 1
2026-05-12 05:03:39 - Error: No valid images were captured
2026-05-12 05:48:46 - Starting student registration process
2026-05-12 05:48:46 - Student details: {"name":"Sujal Chitrakar","reg":"1"}
2026-05-12 05:48:46 - Base directory: C:\xampp\htdocs\new\Face-Recognition-Attendance-System
2026-05-12 05:48:46 - Python script path: C:\xampp\htdocs\new\Face-Recognition-Attendance-System/python/realtime_recognition.py
2026-05-12 05:48:46 - Creating student directory: C:\xampp\htdocs\new\Face-Recognition-Attendance-System/validated_faces/student1
2026-05-12 05:48:46 - Processing image 1 for student 1
2026-05-12 05:48:46 - Saved image to: C:\xampp\htdocs\new\Face-Recognition-Attendance-System/students/1/face_1.jpg
2026-05-12 05:48:46 - Saved image to: C:\xampp\htdocs\new\Face-Recognition-Attendance-System/validated_faces/student1/face_1.jpg
2026-05-12 05:48:46 - Saved image to: resources/labels/1/face_1.jpg
2026-05-12 05:48:46 - Processing image 2 for student 1
2026-05-12 05:48:46 - Saved image to: C:\xampp\htdocs\new\Face-Recognition-Attendance-System/students/1/face_2.jpg
2026-05-12 05:48:46 - Saved image to: C:\xampp\htdocs\new\Face-Recognition-Attendance-System/validated_faces/student1/face_2.jpg
2026-05-12 05:48:46 - Saved image to: resources/labels/1/face_2.jpg
2026-05-12 05:48:46 - Processing image 3 for student 1
2026-05-12 05:48:46 - Saved image to: C:\xampp\htdocs\new\Face-Recognition-Attendance-System/students/1/face_3.jpg
2026-05-12 05:48:46 - Saved image to: C:\xampp\htdocs\new\Face-Recognition-Attendance-System/validated_faces/student1/face_3.jpg
2026-05-12 05:48:46 - Saved image to: resources/labels/1/face_3.jpg
2026-05-12 05:48:46 - Processing image 4 for student 1
2026-05-12 05:48:46 - Saved image to: C:\xampp\htdocs\new\Face-Recognition-Attendance-System/students/1/face_4.jpg
2026-05-12 05:48:46 - Saved image to: C:\xampp\htdocs\new\Face-Recognition-Attendance-System/validated_faces/student1/face_4.jpg
2026-05-12 05:48:46 - Saved image to: resources/labels/1/face_4.jpg
2026-05-12 05:48:46 - Processing image 5 for student 1
2026-05-12 05:48:46 - Saved image to: C:\xampp\htdocs\new\Face-Recognition-Attendance-System/students/1/face_5.jpg
2026-05-12 05:48:46 - Saved image to: C:\xampp\htdocs\new\Face-Recognition-Attendance-System/validated_faces/student1/face_5.jpg
2026-05-12 05:48:46 - Saved image to: resources/labels/1/face_5.jpg
2026-05-12 05:48:46 - Processing image 6 for student 1
2026-05-12 05:48:46 - Saved image to: C:\xampp\htdocs\new\Face-Recognition-Attendance-System/students/1/face_6.jpg
2026-05-12 05:48:46 - Saved image to: C:\xampp\htdocs\new\Face-Recognition-Attendance-System/validated_faces/student1/face_6.jpg
2026-05-12 05:48:46 - Saved image to: resources/labels/1/face_6.jpg
2026-05-12 05:48:46 - Processing image 7 for student 1
2026-05-12 05:48:46 - Saved image to: C:\xampp\htdocs\new\Face-Recognition-Attendance-System/students/1/face_7.jpg
2026-05-12 05:48:46 - Saved image to: C:\xampp\htdocs\new\Face-Recognition-Attendance-System/validated_faces/student1/face_7.jpg
2026-05-12 05:48:46 - Saved image to: resources/labels/1/face_7.jpg
2026-05-12 05:48:46 - Processing image 8 for student 1
2026-05-12 05:48:46 - Saved image to: C:\xampp\htdocs\new\Face-Recognition-Attendance-System/students/1/face_8.jpg
2026-05-12 05:48:46 - Saved image to: C:\xampp\htdocs\new\Face-Recognition-Attendance-System/validated_faces/student1/face_8.jpg
2026-05-12 05:48:46 - Saved image to: resources/labels/1/face_8.jpg
2026-05-12 05:48:46 - Processing image 9 for student 1
2026-05-12 05:48:46 - Saved image to: C:\xampp\htdocs\new\Face-Recognition-Attendance-System/students/1/face_9.jpg
2026-05-12 05:48:46 - Saved image to: C:\xampp\htdocs\new\Face-Recognition-Attendance-System/validated_faces/student1/face_9.jpg
2026-05-12 05:48:46 - Saved image to: resources/labels/1/face_9.jpg
2026-05-12 05:48:46 - Processing image 10 for student 1
2026-05-12 05:48:46 - Saved image to: C:\xampp\htdocs\new\Face-Recognition-Attendance-System/students/1/face_10.jpg
2026-05-12 05:48:46 - Saved image to: C:\xampp\htdocs\new\Face-Recognition-Attendance-System/validated_faces/student1/face_10.jpg
2026-05-12 05:48:46 - Saved image to: resources/labels/1/face_10.jpg
2026-05-12 05:48:46 - Saved student info files
2026-05-12 05:48:46 - Executing command: python "C:\xampp\htdocs\new\Face-Recognition-Attendance-System/python/realtime_recognition.py" --train
2026-05-12 05:48:49 - Command output: Array
(
    [0] => 2026-05-12 09:33:47,236 - INFO - Processing student 1 with label 0
    [1] => 2026-05-12 09:33:47,237 - INFO - Processing image: C:\xampp\htdocs\new\Face-Recognition-Attendance-System\students\1\face_1.jpg
    [2] => 2026-05-12 09:33:48,173 - INFO - Successfully processed face from face_1.jpg
    [3] => 2026-05-12 09:33:48,173 - INFO - Processing image: C:\xampp\htdocs\new\Face-Recognition-Attendance-System\students\1\face_10.jpg
    [4] => 2026-05-12 09:33:48,203 - INFO - Successfully processed face from face_10.jpg
    [5] => 2026-05-12 09:33:48,203 - INFO - Processing image: C:\xampp\htdocs\new\Face-Recognition-Attendance-System\students\1\face_2.jpg
    [6] => 2026-05-12 09:33:48,229 - INFO - Successfully processed face from face_2.jpg
    [7] => 2026-05-12 09:33:48,229 - INFO - Processing image: C:\xampp\htdocs\new\Face-Recognition-Attendance-System\students\1\face_3.jpg
    [8] => 2026-05-12 09:33:48,253 - INFO - Successfully processed face from face_3.jpg
    [9] => 2026-05-12 09:33:48,253 - INFO - Processing image: C:\xampp\htdocs\new\Face-Recognition-Attendance-System\students\1\face_4.jpg
    [10] => 2026-05-12 09:33:48,277 - INFO - Successfully processed face from face_4.jpg
    [11] => 2026-05-12 09:33:48,277 - INFO - Processing image: C:\xampp\htdocs\new\Face-Recognition-Attendance-System\students\1\face_5.jpg
    [12] => 2026-05-12 09:33:48,305 - INFO - Successfully processed face from face_5.jpg
    [13] => 2026-05-12 09:33:48,305 - INFO - Processing image: C:\xampp\htdocs\new\Face-Recognition-Attendance-System\students\1\face_6.jpg
    [14] => 2026-05-12 09:33:48,330 - INFO - Successfully processed face from face_6.jpg
    [15] => 2026-05-12 09:33:48,330 - INFO - Processing image: C:\xampp\htdocs\new\Face-Recognition-Attendance-System\students\1\face_7.jpg
    [16] => 2026-05-12 09:33:48,353 - INFO - Successfully processed face from face_7.jpg
    [17] => 2026-05-12 09:33:48,354 - INFO - Processing image: C:\xampp\htdocs\new\Face-Recognition-Attendance-System\students\1\face_8.jpg
    [18] => 2026-05-12 09:33:48,378 - INFO - Successfully processed face from face_8.jpg
    [19] => 2026-05-12 09:33:48,378 - INFO - Processing image: C:\xampp\htdocs\new\Face-Recognition-Attendance-System\students\1\face_9.jpg
    [20] => 2026-05-12 09:33:48,404 - INFO - Successfully processed face from face_9.jpg
    [21] => 2026-05-12 09:33:48,405 - INFO - Processed 10 faces for student 1
    [22] => 2026-05-12 09:33:48,405 - INFO - Processing student 123 with label 1
    [23] => 2026-05-12 09:33:48,405 - INFO - Processed 0 faces for student 123
    [24] => 2026-05-12 09:33:48,405 - INFO - Processing student 2 with label 2
    [25] => 2026-05-12 09:33:48,405 - INFO - Processing image: C:\xampp\htdocs\new\Face-Recognition-Attendance-System\students\2\face_1.jpg
    [26] => 2026-05-12 09:33:48,442 - INFO - Successfully processed face from face_1.jpg
    [27] => 2026-05-12 09:33:48,442 - INFO - Processing image: C:\xampp\htdocs\new\Face-Recognition-Attendance-System\students\2\face_10.jpg
    [28] => 2026-05-12 09:33:48,475 - INFO - Successfully processed face from face_10.jpg
    [29] => 2026-05-12 09:33:48,475 - INFO - Processing image: C:\xampp\htdocs\new\Face-Recognition-Attendance-System\students\2\face_2.jpg
    [30] => 2026-05-12 09:33:48,509 - INFO - Successfully processed face from face_2.jpg
    [31] => 2026-05-12 09:33:48,509 - INFO - Processing image: C:\xampp\htdocs\new\Face-Recognition-Attendance-System\students\2\face_3.jpg
    [32] => 2026-05-12 09:33:48,543 - INFO - Successfully processed face from face_3.jpg
    [33] => 2026-05-12 09:33:48,543 - INFO - Processing image: C:\xampp\htdocs\new\Face-Recognition-Attendance-System\students\2\face_4.jpg
    [34] => 2026-05-12 09:33:48,582 - INFO - Successfully processed face from face_4.jpg
    [35] => 2026-05-12 09:33:48,582 - INFO - Processing image: C:\xampp\htdocs\new\Face-Recognition-Attendance-System\students\2\face_5.jpg
    [36] => 2026-05-12 09:33:48,617 - INFO - Successfully processed face from face_5.jpg
    [37] => 2026-05-12 09:33:48,617 - INFO - Processing image: C:\xampp\htdocs\new\Face-Recognition-Attendance-System\students\2\face_6.jpg
    [38] => 2026-05-12 09:33:48,651 - INFO - Successfully processed face from face_6.jpg
    [39] => 2026-05-12 09:33:48,651 - INFO - Processing image: C:\xampp\htdocs\new\Face-Recognition-Attendance-System\students\2\face_7.jpg
    [40] => 2026-05-12 09:33:48,687 - INFO - Successfully processed face from face_7.jpg
    [41] => 2026-05-12 09:33:48,687 - INFO - Processing image: C:\xampp\htdocs\new\Face-Recognition-Attendance-System\students\2\face_8.jpg
    [42] => 2026-05-12 09:33:48,720 - INFO - Successfully processed face from face_8.jpg
    [43] => 2026-05-12 09:33:48,720 - INFO - Processing image: C:\xampp\htdocs\new\Face-Recognition-Attendance-System\students\2\face_9.jpg
    [44] => 2026-05-12 09:33:48,754 - INFO - Successfully processed face from face_9.jpg
    [45] => 2026-05-12 09:33:48,754 - INFO - Processed 10 faces for student 2
    [46] => 2026-05-12 09:33:48,758 - INFO - Training model with 100 face variations...
    [47] => {"success": true, "message": "Model trained with 100 faces from 3 students"}
)

2026-05-12 05:48:49 - Return code: 0
2026-05-12 05:48:49 - Student registration completed successfully
2026-05-13 08:01:42 - Starting student registration process
2026-05-13 08:01:42 - Student details: {"name":"Sujal Chitrakar","reg":"123"}
2026-05-13 08:01:42 - Base directory: C:\xampp\htdocs\new\Face-Recognition-Attendance-System
2026-05-13 08:01:42 - Python script path: C:\xampp\htdocs\new\Face-Recognition-Attendance-System/python/realtime_recognition.py
2026-05-13 08:01:42 - Creating student directory: C:\xampp\htdocs\new\Face-Recognition-Attendance-System/validated_faces/student123
2026-05-13 08:01:42 - Processing image 1 for student 123
2026-05-13 08:01:42 - Saved image to: C:\xampp\htdocs\new\Face-Recognition-Attendance-System/students/123/face_1.jpg
2026-05-13 08:01:42 - Saved image to: C:\xampp\htdocs\new\Face-Recognition-Attendance-System/validated_faces/student123/face_1.jpg
2026-05-13 08:01:42 - Saved image to: resources/labels/123/face_1.jpg
2026-05-13 08:01:42 - Processing image 2 for student 123
2026-05-13 08:01:42 - Saved image to: C:\xampp\htdocs\new\Face-Recognition-Attendance-System/students/123/face_2.jpg
2026-05-13 08:01:42 - Saved image to: C:\xampp\htdocs\new\Face-Recognition-Attendance-System/validated_faces/student123/face_2.jpg
2026-05-13 08:01:42 - Saved image to: resources/labels/123/face_2.jpg
2026-05-13 08:01:42 - Processing image 3 for student 123
2026-05-13 08:01:42 - Saved image to: C:\xampp\htdocs\new\Face-Recognition-Attendance-System/students/123/face_3.jpg
2026-05-13 08:01:42 - Saved image to: C:\xampp\htdocs\new\Face-Recognition-Attendance-System/validated_faces/student123/face_3.jpg
2026-05-13 08:01:42 - Saved image to: resources/labels/123/face_3.jpg
2026-05-13 08:01:42 - Processing image 4 for student 123
2026-05-13 08:01:42 - Saved image to: C:\xampp\htdocs\new\Face-Recognition-Attendance-System/students/123/face_4.jpg
2026-05-13 08:01:42 - Saved image to: C:\xampp\htdocs\new\Face-Recognition-Attendance-System/validated_faces/student123/face_4.jpg
2026-05-13 08:01:42 - Saved image to: resources/labels/123/face_4.jpg
2026-05-13 08:01:42 - Processing image 5 for student 123
2026-05-13 08:01:42 - Saved image to: C:\xampp\htdocs\new\Face-Recognition-Attendance-System/students/123/face_5.jpg
2026-05-13 08:01:42 - Saved image to: C:\xampp\htdocs\new\Face-Recognition-Attendance-System/validated_faces/student123/face_5.jpg
2026-05-13 08:01:42 - Saved image to: resources/labels/123/face_5.jpg
2026-05-13 08:01:42 - Processing image 6 for student 123
2026-05-13 08:01:42 - Saved image to: C:\xampp\htdocs\new\Face-Recognition-Attendance-System/students/123/face_6.jpg
2026-05-13 08:01:42 - Saved image to: C:\xampp\htdocs\new\Face-Recognition-Attendance-System/validated_faces/student123/face_6.jpg
2026-05-13 08:01:42 - Saved image to: resources/labels/123/face_6.jpg
2026-05-13 08:01:42 - Processing image 7 for student 123
2026-05-13 08:01:42 - Saved image to: C:\xampp\htdocs\new\Face-Recognition-Attendance-System/students/123/face_7.jpg
2026-05-13 08:01:42 - Saved image to: C:\xampp\htdocs\new\Face-Recognition-Attendance-System/validated_faces/student123/face_7.jpg
2026-05-13 08:01:42 - Saved image to: resources/labels/123/face_7.jpg
2026-05-13 08:01:42 - Processing image 8 for student 123
2026-05-13 08:01:42 - Saved image to: C:\xampp\htdocs\new\Face-Recognition-Attendance-System/students/123/face_8.jpg
2026-05-13 08:01:42 - Saved image to: C:\xampp\htdocs\new\Face-Recognition-Attendance-System/validated_faces/student123/face_8.jpg
2026-05-13 08:01:42 - Saved image to: resources/labels/123/face_8.jpg
2026-05-13 08:01:42 - Processing image 9 for student 123
2026-05-13 08:01:42 - Saved image to: C:\xampp\htdocs\new\Face-Recognition-Attendance-System/students/123/face_9.jpg
2026-05-13 08:01:42 - Saved image to: C:\xampp\htdocs\new\Face-Recognition-Attendance-System/validated_faces/student123/face_9.jpg
2026-05-13 08:01:42 - Saved image to: resources/labels/123/face_9.jpg
2026-05-13 08:01:42 - Processing image 10 for student 123
2026-05-13 08:01:42 - Saved image to: C:\xampp\htdocs\new\Face-Recognition-Attendance-System/students/123/face_10.jpg
2026-05-13 08:01:42 - Saved image to: C:\xampp\htdocs\new\Face-Recognition-Attendance-System/validated_faces/student123/face_10.jpg
2026-05-13 08:01:42 - Saved image to: resources/labels/123/face_10.jpg
2026-05-13 08:01:42 - Saved student info files
2026-05-13 08:01:42 - Executing command: python "C:\xampp\htdocs\new\Face-Recognition-Attendance-System/python/realtime_recognition.py" --train
2026-05-13 08:01:47 - Command output: Array
(
    [0] => 2026-05-13 11:46:43,236 - INFO - Processing student 1 with label 0
    [1] => 2026-05-13 11:46:44,564 - INFO - Processing student 123 with label 1
    [2] => 2026-05-13 11:46:44,862 - INFO - Processing student 2 with label 2
    [3] => 2026-05-13 11:46:45,275 - INFO - Training LBPH...
    [4] => 2026-05-13 11:46:45,907 - INFO - Training Eigenfaces...
    [5] => 2026-05-13 11:46:47,067 - INFO - Training Fisherfaces...
    [6] => {"success": true, "message": "Trained 3 students with 120 images using multiple algorithms"}
)

2026-05-13 08:01:47 - Return code: 0
2026-05-13 08:01:47 - Student registration completed successfully
2026-06-18 17:17:55 - Starting student registration process
2026-06-18 17:17:55 - Student details: {"name":"Sujal Chitrakar","reg":"1"}
2026-06-18 17:17:55 - Base directory: C:\xampp\htdocs\new\Face-Recognition-Attendance-System
2026-06-18 17:17:55 - Python script path: C:\xampp\htdocs\new\Face-Recognition-Attendance-System/python/realtime_recognition.py
2026-06-18 17:17:55 - Creating student directory: C:\xampp\htdocs\new\Face-Recognition-Attendance-System/students/1
2026-06-18 17:17:55 - Creating student directory: C:\xampp\htdocs\new\Face-Recognition-Attendance-System/validated_faces/student1
2026-06-18 17:17:55 - Processing image 1 for student 1
2026-06-18 17:17:55 - Saved image to: C:\xampp\htdocs\new\Face-Recognition-Attendance-System/students/1/face_1.jpg
2026-06-18 17:17:55 - Saved image to: C:\xampp\htdocs\new\Face-Recognition-Attendance-System/validated_faces/student1/face_1.jpg
2026-06-18 17:17:55 - Saved image to: resources/labels/1/face_1.jpg
2026-06-18 17:17:55 - Processing image 2 for student 1
2026-06-18 17:17:55 - Saved image to: C:\xampp\htdocs\new\Face-Recognition-Attendance-System/students/1/face_2.jpg
2026-06-18 17:17:55 - Saved image to: C:\xampp\htdocs\new\Face-Recognition-Attendance-System/validated_faces/student1/face_2.jpg
2026-06-18 17:17:55 - Saved image to: resources/labels/1/face_2.jpg
2026-06-18 17:17:55 - Processing image 3 for student 1
2026-06-18 17:17:55 - Saved image to: C:\xampp\htdocs\new\Face-Recognition-Attendance-System/students/1/face_3.jpg
2026-06-18 17:17:55 - Saved image to: C:\xampp\htdocs\new\Face-Recognition-Attendance-System/validated_faces/student1/face_3.jpg
2026-06-18 17:17:55 - Saved image to: resources/labels/1/face_3.jpg
2026-06-18 17:17:55 - Processing image 4 for student 1
2026-06-18 17:17:55 - Saved image to: C:\xampp\htdocs\new\Face-Recognition-Attendance-System/students/1/face_4.jpg
2026-06-18 17:17:55 - Saved image to: C:\xampp\htdocs\new\Face-Recognition-Attendance-System/validated_faces/student1/face_4.jpg
2026-06-18 17:17:55 - Saved image to: resources/labels/1/face_4.jpg
2026-06-18 17:17:55 - Processing image 5 for student 1
2026-06-18 17:17:55 - Saved image to: C:\xampp\htdocs\new\Face-Recognition-Attendance-System/students/1/face_5.jpg
2026-06-18 17:17:55 - Saved image to: C:\xampp\htdocs\new\Face-Recognition-Attendance-System/validated_faces/student1/face_5.jpg
2026-06-18 17:17:55 - Saved image to: resources/labels/1/face_5.jpg
2026-06-18 17:17:55 - Processing image 6 for student 1
2026-06-18 17:17:55 - Saved image to: C:\xampp\htdocs\new\Face-Recognition-Attendance-System/students/1/face_6.jpg
2026-06-18 17:17:55 - Saved image to: C:\xampp\htdocs\new\Face-Recognition-Attendance-System/validated_faces/student1/face_6.jpg
2026-06-18 17:17:55 - Saved image to: resources/labels/1/face_6.jpg
2026-06-18 17:17:55 - Processing image 7 for student 1
2026-06-18 17:17:55 - Saved image to: C:\xampp\htdocs\new\Face-Recognition-Attendance-System/students/1/face_7.jpg
2026-06-18 17:17:55 - Saved image to: C:\xampp\htdocs\new\Face-Recognition-Attendance-System/validated_faces/student1/face_7.jpg
2026-06-18 17:17:55 - Saved image to: resources/labels/1/face_7.jpg
2026-06-18 17:17:55 - Processing image 8 for student 1
2026-06-18 17:17:55 - Saved image to: C:\xampp\htdocs\new\Face-Recognition-Attendance-System/students/1/face_8.jpg
2026-06-18 17:17:55 - Saved image to: C:\xampp\htdocs\new\Face-Recognition-Attendance-System/validated_faces/student1/face_8.jpg
2026-06-18 17:17:55 - Saved image to: resources/labels/1/face_8.jpg
2026-06-18 17:17:55 - Processing image 9 for student 1
2026-06-18 17:17:55 - Saved image to: C:\xampp\htdocs\new\Face-Recognition-Attendance-System/students/1/face_9.jpg
2026-06-18 17:17:55 - Saved image to: C:\xampp\htdocs\new\Face-Recognition-Attendance-System/validated_faces/student1/face_9.jpg
2026-06-18 17:17:55 - Saved image to: resources/labels/1/face_9.jpg
2026-06-18 17:17:55 - Processing image 10 for student 1
2026-06-18 17:17:55 - Saved image to: C:\xampp\htdocs\new\Face-Recognition-Attendance-System/students/1/face_10.jpg
2026-06-18 17:17:55 - Saved image to: C:\xampp\htdocs\new\Face-Recognition-Attendance-System/validated_faces/student1/face_10.jpg
2026-06-18 17:17:55 - Saved image to: resources/labels/1/face_10.jpg
2026-06-18 17:17:55 - Saved student info files
2026-06-18 17:17:55 - Executing command: python "C:\xampp\htdocs\new\Face-Recognition-Attendance-System/python/realtime_recognition.py" --train
2026-06-18 17:17:56 - Command output: Array
(
    [0] => 2026-06-18 21:02:55,858 - INFO - Processing student 1 with label 0
    [1] => 2026-06-18 21:02:56,387 - INFO - Training LBPH...
    [2] => 2026-06-18 21:02:56,549 - INFO - Training Eigenfaces...
    [3] => C:\xampp\htdocs\new\Face-Recognition-Attendance-System\python\realtime_recognition.py:108: DeprecationWarning: The 'warn' function is deprecated, use 'warning' instead
    [4] =>   logging.warn("Fisherfaces skipped: need at least 2 students")
    [5] => 2026-06-18 21:02:56,814 - WARNING - Fisherfaces skipped: need at least 2 students
    [6] => {"success": true, "message": "Trained 1 students with 40 images using multiple algorithms"}
)

2026-06-18 17:17:56 - Return code: 0
2026-06-18 17:17:56 - Student registration completed successfully
2026-06-18 17:26:16 - Starting student registration process
2026-06-18 17:26:16 - Student details: {"name":"Sujal Chitrakar","reg":"1"}
2026-06-18 17:26:16 - Base directory: C:\xampp\htdocs\new\Face-Recognition-Attendance-System
2026-06-18 17:26:16 - Python script path: C:\xampp\htdocs\new\Face-Recognition-Attendance-System/python/realtime_recognition.py
2026-06-18 17:26:16 - Creating student directory: C:\xampp\htdocs\new\Face-Recognition-Attendance-System/students/1
2026-06-18 17:26:16 - Creating student directory: C:\xampp\htdocs\new\Face-Recognition-Attendance-System/validated_faces/student1
2026-06-18 17:26:16 - Creating student directory: resources/labels/1
2026-06-18 17:26:16 - Processing image 1 for student 1
2026-06-18 17:26:16 - Saved image to: C:\xampp\htdocs\new\Face-Recognition-Attendance-System/students/1/face_1.jpg
2026-06-18 17:26:16 - Saved image to: C:\xampp\htdocs\new\Face-Recognition-Attendance-System/validated_faces/student1/face_1.jpg
2026-06-18 17:26:16 - Saved image to: resources/labels/1/face_1.jpg
2026-06-18 17:26:16 - Processing image 2 for student 1
2026-06-18 17:26:16 - Saved image to: C:\xampp\htdocs\new\Face-Recognition-Attendance-System/students/1/face_2.jpg
2026-06-18 17:26:16 - Saved image to: C:\xampp\htdocs\new\Face-Recognition-Attendance-System/validated_faces/student1/face_2.jpg
2026-06-18 17:26:16 - Saved image to: resources/labels/1/face_2.jpg
2026-06-18 17:26:16 - Processing image 3 for student 1
2026-06-18 17:26:16 - Saved image to: C:\xampp\htdocs\new\Face-Recognition-Attendance-System/students/1/face_3.jpg
2026-06-18 17:26:16 - Saved image to: C:\xampp\htdocs\new\Face-Recognition-Attendance-System/validated_faces/student1/face_3.jpg
2026-06-18 17:26:16 - Saved image to: resources/labels/1/face_3.jpg
2026-06-18 17:26:16 - Processing image 4 for student 1
2026-06-18 17:26:16 - Saved image to: C:\xampp\htdocs\new\Face-Recognition-Attendance-System/students/1/face_4.jpg
2026-06-18 17:26:16 - Saved image to: C:\xampp\htdocs\new\Face-Recognition-Attendance-System/validated_faces/student1/face_4.jpg
2026-06-18 17:26:16 - Saved image to: resources/labels/1/face_4.jpg
2026-06-18 17:26:16 - Processing image 5 for student 1
2026-06-18 17:26:16 - Saved image to: C:\xampp\htdocs\new\Face-Recognition-Attendance-System/students/1/face_5.jpg
2026-06-18 17:26:16 - Saved image to: C:\xampp\htdocs\new\Face-Recognition-Attendance-System/validated_faces/student1/face_5.jpg
2026-06-18 17:26:16 - Saved image to: resources/labels/1/face_5.jpg
2026-06-18 17:26:16 - Processing image 6 for student 1
2026-06-18 17:26:16 - Saved image to: C:\xampp\htdocs\new\Face-Recognition-Attendance-System/students/1/face_6.jpg
2026-06-18 17:26:16 - Saved image to: C:\xampp\htdocs\new\Face-Recognition-Attendance-System/validated_faces/student1/face_6.jpg
2026-06-18 17:26:16 - Saved image to: resources/labels/1/face_6.jpg
2026-06-18 17:26:16 - Processing image 7 for student 1
2026-06-18 17:26:16 - Saved image to: C:\xampp\htdocs\new\Face-Recognition-Attendance-System/students/1/face_7.jpg
2026-06-18 17:26:16 - Saved image to: C:\xampp\htdocs\new\Face-Recognition-Attendance-System/validated_faces/student1/face_7.jpg
2026-06-18 17:26:16 - Saved image to: resources/labels/1/face_7.jpg
2026-06-18 17:26:16 - Processing image 8 for student 1
2026-06-18 17:26:16 - Saved image to: C:\xampp\htdocs\new\Face-Recognition-Attendance-System/students/1/face_8.jpg
2026-06-18 17:26:16 - Saved image to: C:\xampp\htdocs\new\Face-Recognition-Attendance-System/validated_faces/student1/face_8.jpg
2026-06-18 17:26:16 - Saved image to: resources/labels/1/face_8.jpg
2026-06-18 17:26:16 - Processing image 9 for student 1
2026-06-18 17:26:16 - Saved image to: C:\xampp\htdocs\new\Face-Recognition-Attendance-System/students/1/face_9.jpg
2026-06-18 17:26:16 - Saved image to: C:\xampp\htdocs\new\Face-Recognition-Attendance-System/validated_faces/student1/face_9.jpg
2026-06-18 17:26:16 - Saved image to: resources/labels/1/face_9.jpg
2026-06-18 17:26:16 - Processing image 10 for student 1
2026-06-18 17:26:16 - Saved image to: C:\xampp\htdocs\new\Face-Recognition-Attendance-System/students/1/face_10.jpg
2026-06-18 17:26:16 - Saved image to: C:\xampp\htdocs\new\Face-Recognition-Attendance-System/validated_faces/student1/face_10.jpg
2026-06-18 17:26:16 - Saved image to: resources/labels/1/face_10.jpg
2026-06-18 17:26:16 - Saved student info files
2026-06-18 17:26:16 - Executing command: python "C:\xampp\htdocs\new\Face-Recognition-Attendance-System/python/realtime_recognition.py" --train
2026-06-18 17:26:17 - Command output: Array
(
    [0] => 2026-06-18 21:11:16,869 - INFO - Processing student 1 with label 0
    [1] => 2026-06-18 21:11:17,368 - INFO - Training LBPH...
    [2] => 2026-06-18 21:11:17,521 - INFO - Training Eigenfaces...
    [3] => C:\xampp\htdocs\new\Face-Recognition-Attendance-System\python\realtime_recognition.py:108: DeprecationWarning: The 'warn' function is deprecated, use 'warning' instead
    [4] =>   logging.warn("Fisherfaces skipped: need at least 2 students")
    [5] => 2026-06-18 21:11:17,819 - WARNING - Fisherfaces skipped: need at least 2 students
    [6] => {"success": true, "message": "Trained 1 students with 40 images using multiple algorithms"}
)

2026-06-18 17:26:17 - Return code: 0
2026-06-18 17:26:17 - Student registration completed successfully
2026-06-18 17:39:51 - Starting student registration process
2026-06-18 17:39:51 - Student details: {"name":"Sujal Chitrakar","reg":"89889"}
2026-06-18 17:39:51 - Base directory: C:\xampp\htdocs\new\Face-Recognition-Attendance-System
2026-06-18 17:39:51 - Python script path: C:\xampp\htdocs\new\Face-Recognition-Attendance-System/python/realtime_recognition.py
2026-06-18 17:39:51 - Creating student directory: C:\xampp\htdocs\new\Face-Recognition-Attendance-System/students/89889
2026-06-18 17:39:51 - Creating student directory: C:\xampp\htdocs\new\Face-Recognition-Attendance-System/validated_faces/student89889
2026-06-18 17:39:51 - Creating student directory: resources/labels/89889
2026-06-18 17:39:51 - Processing image 1 for student 89889
2026-06-18 17:39:51 - Saved image to: C:\xampp\htdocs\new\Face-Recognition-Attendance-System/students/89889/face_1.jpg
2026-06-18 17:39:51 - Saved image to: C:\xampp\htdocs\new\Face-Recognition-Attendance-System/validated_faces/student89889/face_1.jpg
2026-06-18 17:39:51 - Saved image to: resources/labels/89889/face_1.jpg
2026-06-18 17:39:51 - Processing image 2 for student 89889
2026-06-18 17:39:51 - Saved image to: C:\xampp\htdocs\new\Face-Recognition-Attendance-System/students/89889/face_2.jpg
2026-06-18 17:39:51 - Saved image to: C:\xampp\htdocs\new\Face-Recognition-Attendance-System/validated_faces/student89889/face_2.jpg
2026-06-18 17:39:51 - Saved image to: resources/labels/89889/face_2.jpg
2026-06-18 17:39:51 - Processing image 3 for student 89889
2026-06-18 17:39:51 - Saved image to: C:\xampp\htdocs\new\Face-Recognition-Attendance-System/students/89889/face_3.jpg
2026-06-18 17:39:51 - Saved image to: C:\xampp\htdocs\new\Face-Recognition-Attendance-System/validated_faces/student89889/face_3.jpg
2026-06-18 17:39:51 - Saved image to: resources/labels/89889/face_3.jpg
2026-06-18 17:39:51 - Processing image 4 for student 89889
2026-06-18 17:39:51 - Saved image to: C:\xampp\htdocs\new\Face-Recognition-Attendance-System/students/89889/face_4.jpg
2026-06-18 17:39:51 - Saved image to: C:\xampp\htdocs\new\Face-Recognition-Attendance-System/validated_faces/student89889/face_4.jpg
2026-06-18 17:39:51 - Saved image to: resources/labels/89889/face_4.jpg
2026-06-18 17:39:51 - Processing image 5 for student 89889
2026-06-18 17:39:51 - Saved image to: C:\xampp\htdocs\new\Face-Recognition-Attendance-System/students/89889/face_5.jpg
2026-06-18 17:39:51 - Saved image to: C:\xampp\htdocs\new\Face-Recognition-Attendance-System/validated_faces/student89889/face_5.jpg
2026-06-18 17:39:51 - Saved image to: resources/labels/89889/face_5.jpg
2026-06-18 17:39:51 - Processing image 6 for student 89889
2026-06-18 17:39:51 - Saved image to: C:\xampp\htdocs\new\Face-Recognition-Attendance-System/students/89889/face_6.jpg
2026-06-18 17:39:51 - Saved image to: C:\xampp\htdocs\new\Face-Recognition-Attendance-System/validated_faces/student89889/face_6.jpg
2026-06-18 17:39:51 - Saved image to: resources/labels/89889/face_6.jpg
2026-06-18 17:39:51 - Processing image 7 for student 89889
2026-06-18 17:39:51 - Saved image to: C:\xampp\htdocs\new\Face-Recognition-Attendance-System/students/89889/face_7.jpg
2026-06-18 17:39:51 - Saved image to: C:\xampp\htdocs\new\Face-Recognition-Attendance-System/validated_faces/student89889/face_7.jpg
2026-06-18 17:39:51 - Saved image to: resources/labels/89889/face_7.jpg
2026-06-18 17:39:51 - Processing image 8 for student 89889
2026-06-18 17:39:51 - Saved image to: C:\xampp\htdocs\new\Face-Recognition-Attendance-System/students/89889/face_8.jpg
2026-06-18 17:39:51 - Saved image to: C:\xampp\htdocs\new\Face-Recognition-Attendance-System/validated_faces/student89889/face_8.jpg
2026-06-18 17:39:51 - Saved image to: resources/labels/89889/face_8.jpg
2026-06-18 17:39:51 - Processing image 9 for student 89889
2026-06-18 17:39:51 - Saved image to: C:\xampp\htdocs\new\Face-Recognition-Attendance-System/students/89889/face_9.jpg
2026-06-18 17:39:51 - Saved image to: C:\xampp\htdocs\new\Face-Recognition-Attendance-System/validated_faces/student89889/face_9.jpg
2026-06-18 17:39:51 - Saved image to: resources/labels/89889/face_9.jpg
2026-06-18 17:39:51 - Processing image 10 for student 89889
2026-06-18 17:39:51 - Saved image to: C:\xampp\htdocs\new\Face-Recognition-Attendance-System/students/89889/face_10.jpg
2026-06-18 17:39:51 - Saved image to: C:\xampp\htdocs\new\Face-Recognition-Attendance-System/validated_faces/student89889/face_10.jpg
2026-06-18 17:39:51 - Saved image to: resources/labels/89889/face_10.jpg
2026-06-18 17:39:51 - Saved student info files
2026-06-18 17:39:51 - Executing command: python "C:\xampp\htdocs\new\Face-Recognition-Attendance-System/python/realtime_recognition.py" --train
2026-06-18 17:39:52 - Command output: Array
(
    [0] => 2026-06-18 21:24:51,669 - INFO - Processing student 89889 with label 0
    [1] => 2026-06-18 21:24:52,117 - INFO - Training LBPH...
    [2] => 2026-06-18 21:24:52,272 - INFO - Training Eigenfaces...
    [3] => C:\xampp\htdocs\new\Face-Recognition-Attendance-System\python\realtime_recognition.py:108: DeprecationWarning: The 'warn' function is deprecated, use 'warning' instead
    [4] =>   logging.warn("Fisherfaces skipped: need at least 2 students")
    [5] => 2026-06-18 21:24:52,554 - WARNING - Fisherfaces skipped: need at least 2 students
    [6] => {"success": true, "message": "Trained 1 students with 40 images using multiple algorithms"}
)

2026-06-18 17:39:52 - Return code: 0
2026-06-18 17:39:52 - Student registration completed successfully
2026-06-19 11:46:31 - Starting student update process
2026-06-19 11:46:31 - Student update details: {"id":141,"name":"Sujal Chitrakar","reg":"89889"}
2026-06-19 11:46:31 - Student update completed successfully
2026-06-22 19:20:42 - Starting student update process
2026-06-22 19:20:42 - Student update details: {"id":141,"name":"Sujal Chitrakar","reg":"89889"}
2026-06-22 19:20:42 - Student update completed successfully
2026-06-22 19:29:20 - Starting student registration process
2026-06-22 19:29:20 - Error: Invalid email address
2026-06-22 19:30:17 - Starting student registration process
2026-06-22 19:30:17 - Student details: {"name":"Ram aha","reg":"123"}
2026-06-22 19:30:17 - Base directory: C:\xampp\htdocs\new\Face-Recognition-Attendance-System
2026-06-22 19:30:17 - Python script path: C:\xampp\htdocs\new\Face-Recognition-Attendance-System/python/realtime_recognition.py
2026-06-22 19:30:17 - Creating student directory: C:\xampp\htdocs\new\Face-Recognition-Attendance-System/students/123
2026-06-22 19:30:17 - Creating student directory: C:\xampp\htdocs\new\Face-Recognition-Attendance-System/validated_faces/student123
2026-06-22 19:30:17 - Creating student directory: resources/labels/123
2026-06-22 19:30:17 - Processing image 1 for student 123
2026-06-22 19:30:17 - Saved image to: C:\xampp\htdocs\new\Face-Recognition-Attendance-System/students/123/face_1.jpg
2026-06-22 19:30:17 - Saved image to: C:\xampp\htdocs\new\Face-Recognition-Attendance-System/validated_faces/student123/face_1.jpg
2026-06-22 19:30:17 - Saved image to: resources/labels/123/face_1.jpg
2026-06-22 19:30:17 - Processing image 2 for student 123
2026-06-22 19:30:17 - Saved image to: C:\xampp\htdocs\new\Face-Recognition-Attendance-System/students/123/face_2.jpg
2026-06-22 19:30:17 - Saved image to: C:\xampp\htdocs\new\Face-Recognition-Attendance-System/validated_faces/student123/face_2.jpg
2026-06-22 19:30:17 - Saved image to: resources/labels/123/face_2.jpg
2026-06-22 19:30:17 - Processing image 3 for student 123
2026-06-22 19:30:17 - Saved image to: C:\xampp\htdocs\new\Face-Recognition-Attendance-System/students/123/face_3.jpg
2026-06-22 19:30:17 - Saved image to: C:\xampp\htdocs\new\Face-Recognition-Attendance-System/validated_faces/student123/face_3.jpg
2026-06-22 19:30:17 - Saved image to: resources/labels/123/face_3.jpg
2026-06-22 19:30:17 - Processing image 4 for student 123
2026-06-22 19:30:17 - Saved image to: C:\xampp\htdocs\new\Face-Recognition-Attendance-System/students/123/face_4.jpg
2026-06-22 19:30:17 - Saved image to: C:\xampp\htdocs\new\Face-Recognition-Attendance-System/validated_faces/student123/face_4.jpg
2026-06-22 19:30:17 - Saved image to: resources/labels/123/face_4.jpg
2026-06-22 19:30:17 - Processing image 5 for student 123
2026-06-22 19:30:17 - Saved image to: C:\xampp\htdocs\new\Face-Recognition-Attendance-System/students/123/face_5.jpg
2026-06-22 19:30:17 - Saved image to: C:\xampp\htdocs\new\Face-Recognition-Attendance-System/validated_faces/student123/face_5.jpg
2026-06-22 19:30:17 - Saved image to: resources/labels/123/face_5.jpg
2026-06-22 19:30:17 - Processing image 6 for student 123
2026-06-22 19:30:17 - Saved image to: C:\xampp\htdocs\new\Face-Recognition-Attendance-System/students/123/face_6.jpg
2026-06-22 19:30:17 - Saved image to: C:\xampp\htdocs\new\Face-Recognition-Attendance-System/validated_faces/student123/face_6.jpg
2026-06-22 19:30:17 - Saved image to: resources/labels/123/face_6.jpg
2026-06-22 19:30:17 - Processing image 7 for student 123
2026-06-22 19:30:17 - Saved image to: C:\xampp\htdocs\new\Face-Recognition-Attendance-System/students/123/face_7.jpg
2026-06-22 19:30:17 - Saved image to: C:\xampp\htdocs\new\Face-Recognition-Attendance-System/validated_faces/student123/face_7.jpg
2026-06-22 19:30:17 - Saved image to: resources/labels/123/face_7.jpg
2026-06-22 19:30:17 - Processing image 8 for student 123
2026-06-22 19:30:17 - Saved image to: C:\xampp\htdocs\new\Face-Recognition-Attendance-System/students/123/face_8.jpg
2026-06-22 19:30:17 - Saved image to: C:\xampp\htdocs\new\Face-Recognition-Attendance-System/validated_faces/student123/face_8.jpg
2026-06-22 19:30:17 - Saved image to: resources/labels/123/face_8.jpg
2026-06-22 19:30:17 - Processing image 9 for student 123
2026-06-22 19:30:17 - Saved image to: C:\xampp\htdocs\new\Face-Recognition-Attendance-System/students/123/face_9.jpg
2026-06-22 19:30:17 - Saved image to: C:\xampp\htdocs\new\Face-Recognition-Attendance-System/validated_faces/student123/face_9.jpg
2026-06-22 19:30:17 - Saved image to: resources/labels/123/face_9.jpg
2026-06-22 19:30:17 - Processing image 10 for student 123
2026-06-22 19:30:17 - Saved image to: C:\xampp\htdocs\new\Face-Recognition-Attendance-System/students/123/face_10.jpg
2026-06-22 19:30:17 - Saved image to: C:\xampp\htdocs\new\Face-Recognition-Attendance-System/validated_faces/student123/face_10.jpg
2026-06-22 19:30:17 - Saved image to: resources/labels/123/face_10.jpg
2026-06-22 19:30:17 - Saved student info files
2026-06-22 19:30:17 - Executing command: python "C:\xampp\htdocs\new\Face-Recognition-Attendance-System/python/realtime_recognition.py" --train
2026-06-22 19:30:19 - Command output: Array
(
    [0] => 2026-06-22 23:15:18,042 - INFO - Processing student 123 with label 0
    [1] => 2026-06-22 23:15:18,545 - INFO - Training LBPH...
    [2] => 2026-06-22 23:15:18,716 - INFO - Training Eigenfaces...
    [3] => C:\xampp\htdocs\new\Face-Recognition-Attendance-System\python\realtime_recognition.py:108: DeprecationWarning: The 'warn' function is deprecated, use 'warning' instead
    [4] =>   logging.warn("Fisherfaces skipped: need at least 2 students")
    [5] => 2026-06-22 23:15:18,994 - WARNING - Fisherfaces skipped: need at least 2 students
    [6] => {"success": true, "message": "Trained 1 students with 40 images using multiple algorithms"}
)

2026-06-22 19:30:19 - Return code: 0
2026-06-22 19:30:19 - Student registration completed successfully
2026-06-22 20:07:05 - Starting student update process
2026-06-22 20:07:05 - Student update details: {"id":141,"name":"Sujal Chitrakar","reg":"89889"}
2026-06-22 20:07:05 - Student update completed successfully
2026-08-02 10:38:34 - Starting student registration process
2026-08-02 10:38:34 - Student details: {"name":"Sujal Chitrakar","reg":"2323"}
2026-08-02 10:38:34 - Base directory: C:\xampp\htdocs\new\Face-Recognition-Attendance-System
2026-08-02 10:38:34 - Python script path: C:\xampp\htdocs\new\Face-Recognition-Attendance-System/python/realtime_recognition.py
2026-08-02 10:38:34 - Creating student directory: C:\xampp\htdocs\new\Face-Recognition-Attendance-System/students/2323
2026-08-02 10:38:34 - Creating student directory: C:\xampp\htdocs\new\Face-Recognition-Attendance-System/validated_faces/student2323
2026-08-02 10:38:34 - Creating student directory: resources/labels/2323
2026-08-02 10:38:34 - Processing image 1 for student 2323
2026-08-02 10:38:34 - Saved image to: C:\xampp\htdocs\new\Face-Recognition-Attendance-System/students/2323/face_1.jpg
2026-08-02 10:38:34 - Saved image to: C:\xampp\htdocs\new\Face-Recognition-Attendance-System/validated_faces/student2323/face_1.jpg
2026-08-02 10:38:34 - Saved image to: resources/labels/2323/face_1.jpg
2026-08-02 10:38:34 - Processing image 2 for student 2323
2026-08-02 10:38:34 - Saved image to: C:\xampp\htdocs\new\Face-Recognition-Attendance-System/students/2323/face_2.jpg
2026-08-02 10:38:34 - Saved image to: C:\xampp\htdocs\new\Face-Recognition-Attendance-System/validated_faces/student2323/face_2.jpg
2026-08-02 10:38:34 - Saved image to: resources/labels/2323/face_2.jpg
2026-08-02 10:38:34 - Processing image 3 for student 2323
2026-08-02 10:38:34 - Saved image to: C:\xampp\htdocs\new\Face-Recognition-Attendance-System/students/2323/face_3.jpg
2026-08-02 10:38:34 - Saved image to: C:\xampp\htdocs\new\Face-Recognition-Attendance-System/validated_faces/student2323/face_3.jpg
2026-08-02 10:38:34 - Saved image to: resources/labels/2323/face_3.jpg
2026-08-02 10:38:34 - Processing image 4 for student 2323
2026-08-02 10:38:34 - Saved image to: C:\xampp\htdocs\new\Face-Recognition-Attendance-System/students/2323/face_4.jpg
2026-08-02 10:38:34 - Saved image to: C:\xampp\htdocs\new\Face-Recognition-Attendance-System/validated_faces/student2323/face_4.jpg
2026-08-02 10:38:34 - Saved image to: resources/labels/2323/face_4.jpg
2026-08-02 10:38:34 - Processing image 5 for student 2323
2026-08-02 10:38:34 - Saved image to: C:\xampp\htdocs\new\Face-Recognition-Attendance-System/students/2323/face_5.jpg
2026-08-02 10:38:34 - Saved image to: C:\xampp\htdocs\new\Face-Recognition-Attendance-System/validated_faces/student2323/face_5.jpg
2026-08-02 10:38:34 - Saved image to: resources/labels/2323/face_5.jpg
2026-08-02 10:38:34 - Processing image 6 for student 2323
2026-08-02 10:38:34 - Saved image to: C:\xampp\htdocs\new\Face-Recognition-Attendance-System/students/2323/face_6.jpg
2026-08-02 10:38:34 - Saved image to: C:\xampp\htdocs\new\Face-Recognition-Attendance-System/validated_faces/student2323/face_6.jpg
2026-08-02 10:38:34 - Saved image to: resources/labels/2323/face_6.jpg
2026-08-02 10:38:34 - Processing image 7 for student 2323
2026-08-02 10:38:34 - Saved image to: C:\xampp\htdocs\new\Face-Recognition-Attendance-System/students/2323/face_7.jpg
2026-08-02 10:38:34 - Saved image to: C:\xampp\htdocs\new\Face-Recognition-Attendance-System/validated_faces/student2323/face_7.jpg
2026-08-02 10:38:34 - Saved image to: resources/labels/2323/face_7.jpg
2026-08-02 10:38:34 - Processing image 8 for student 2323
2026-08-02 10:38:34 - Saved image to: C:\xampp\htdocs\new\Face-Recognition-Attendance-System/students/2323/face_8.jpg
2026-08-02 10:38:34 - Saved image to: C:\xampp\htdocs\new\Face-Recognition-Attendance-System/validated_faces/student2323/face_8.jpg
2026-08-02 10:38:34 - Saved image to: resources/labels/2323/face_8.jpg
2026-08-02 10:38:34 - Processing image 9 for student 2323
2026-08-02 10:38:34 - Saved image to: C:\xampp\htdocs\new\Face-Recognition-Attendance-System/students/2323/face_9.jpg
2026-08-02 10:38:34 - Saved image to: C:\xampp\htdocs\new\Face-Recognition-Attendance-System/validated_faces/student2323/face_9.jpg
2026-08-02 10:38:34 - Saved image to: resources/labels/2323/face_9.jpg
2026-08-02 10:38:34 - Processing image 10 for student 2323
2026-08-02 10:38:35 - Saved image to: C:\xampp\htdocs\new\Face-Recognition-Attendance-System/students/2323/face_10.jpg
2026-08-02 10:38:35 - Saved image to: C:\xampp\htdocs\new\Face-Recognition-Attendance-System/validated_faces/student2323/face_10.jpg
2026-08-02 10:38:35 - Saved image to: resources/labels/2323/face_10.jpg
2026-08-02 10:38:35 - Saved student info files
2026-08-02 10:38:35 - Executing command: python "C:\xampp\htdocs\new\Face-Recognition-Attendance-System/python/realtime_recognition.py" --train
2026-08-02 10:38:38 - Command output: Array
(
    [0] => 2026-08-02 14:23:35,384 - INFO - Processing student 1122 with label 0
    [1] => 2026-08-02 14:23:36,702 - INFO - Processing student 2323 with label 1
    [2] => 2026-08-02 14:23:36,969 - INFO - Training LBPH...
    [3] => 2026-08-02 14:23:37,320 - INFO - Training Eigenfaces...
    [4] => 2026-08-02 14:23:38,030 - INFO - Training Fisherfaces...
    [5] => {"success": true, "message": "Trained 2 students with 80 images using multiple algorithms"}
)

2026-08-02 10:38:38 - Return code: 0
2026-08-02 10:38:38 - Student registration completed successfully
2026-08-05 09:29:49 - Starting student registration process
2026-08-05 09:29:49 - Error: Last name must contain letters only
2026-08-05 09:30:26 - Starting student registration process
2026-08-05 09:30:26 - Student details: {"name":"efg ef","reg":"232"}
2026-08-05 09:30:26 - Base directory: C:\xampp\htdocs\new\Face-Recognition-Attendance-System
2026-08-05 09:30:26 - Python script path: C:\xampp\htdocs\new\Face-Recognition-Attendance-System/python/realtime_recognition.py
2026-08-05 09:30:26 - Creating student directory: C:\xampp\htdocs\new\Face-Recognition-Attendance-System/students/232
2026-08-05 09:30:26 - Creating student directory: C:\xampp\htdocs\new\Face-Recognition-Attendance-System/validated_faces/student232
2026-08-05 09:30:26 - Creating student directory: resources/labels/232
2026-08-05 09:30:26 - Processing image 1 for student 232
2026-08-05 09:30:26 - Saved image to: C:\xampp\htdocs\new\Face-Recognition-Attendance-System/students/232/face_1.jpg
2026-08-05 09:30:26 - Saved image to: C:\xampp\htdocs\new\Face-Recognition-Attendance-System/validated_faces/student232/face_1.jpg
2026-08-05 09:30:26 - Saved image to: resources/labels/232/face_1.jpg
2026-08-05 09:30:26 - Processing image 2 for student 232
2026-08-05 09:30:26 - Saved image to: C:\xampp\htdocs\new\Face-Recognition-Attendance-System/students/232/face_2.jpg
2026-08-05 09:30:26 - Saved image to: C:\xampp\htdocs\new\Face-Recognition-Attendance-System/validated_faces/student232/face_2.jpg
2026-08-05 09:30:26 - Saved image to: resources/labels/232/face_2.jpg
2026-08-05 09:30:26 - Processing image 3 for student 232
2026-08-05 09:30:26 - Saved image to: C:\xampp\htdocs\new\Face-Recognition-Attendance-System/students/232/face_3.jpg
2026-08-05 09:30:26 - Saved image to: C:\xampp\htdocs\new\Face-Recognition-Attendance-System/validated_faces/student232/face_3.jpg
2026-08-05 09:30:26 - Saved image to: resources/labels/232/face_3.jpg
2026-08-05 09:30:26 - Processing image 4 for student 232
2026-08-05 09:30:26 - Saved image to: C:\xampp\htdocs\new\Face-Recognition-Attendance-System/students/232/face_4.jpg
2026-08-05 09:30:26 - Saved image to: C:\xampp\htdocs\new\Face-Recognition-Attendance-System/validated_faces/student232/face_4.jpg
2026-08-05 09:30:26 - Saved image to: resources/labels/232/face_4.jpg
2026-08-05 09:30:26 - Processing image 5 for student 232
2026-08-05 09:30:26 - Saved image to: C:\xampp\htdocs\new\Face-Recognition-Attendance-System/students/232/face_5.jpg
2026-08-05 09:30:26 - Saved image to: C:\xampp\htdocs\new\Face-Recognition-Attendance-System/validated_faces/student232/face_5.jpg
2026-08-05 09:30:26 - Saved image to: resources/labels/232/face_5.jpg
2026-08-05 09:30:26 - Processing image 6 for student 232
2026-08-05 09:30:26 - Saved image to: C:\xampp\htdocs\new\Face-Recognition-Attendance-System/students/232/face_6.jpg
2026-08-05 09:30:26 - Saved image to: C:\xampp\htdocs\new\Face-Recognition-Attendance-System/validated_faces/student232/face_6.jpg
2026-08-05 09:30:26 - Saved image to: resources/labels/232/face_6.jpg
2026-08-05 09:30:26 - Processing image 7 for student 232
2026-08-05 09:30:26 - Saved image to: C:\xampp\htdocs\new\Face-Recognition-Attendance-System/students/232/face_7.jpg
2026-08-05 09:30:26 - Saved image to: C:\xampp\htdocs\new\Face-Recognition-Attendance-System/validated_faces/student232/face_7.jpg
2026-08-05 09:30:26 - Saved image to: resources/labels/232/face_7.jpg
2026-08-05 09:30:26 - Processing image 8 for student 232
2026-08-05 09:30:26 - Saved image to: C:\xampp\htdocs\new\Face-Recognition-Attendance-System/students/232/face_8.jpg
2026-08-05 09:30:26 - Saved image to: C:\xampp\htdocs\new\Face-Recognition-Attendance-System/validated_faces/student232/face_8.jpg
2026-08-05 09:30:26 - Saved image to: resources/labels/232/face_8.jpg
2026-08-05 09:30:26 - Processing image 9 for student 232
2026-08-05 09:30:26 - Saved image to: C:\xampp\htdocs\new\Face-Recognition-Attendance-System/students/232/face_9.jpg
2026-08-05 09:30:26 - Saved image to: C:\xampp\htdocs\new\Face-Recognition-Attendance-System/validated_faces/student232/face_9.jpg
2026-08-05 09:30:26 - Saved image to: resources/labels/232/face_9.jpg
2026-08-05 09:30:26 - Processing image 10 for student 232
2026-08-05 09:30:26 - Saved image to: C:\xampp\htdocs\new\Face-Recognition-Attendance-System/students/232/face_10.jpg
2026-08-05 09:30:26 - Saved image to: C:\xampp\htdocs\new\Face-Recognition-Attendance-System/validated_faces/student232/face_10.jpg
2026-08-05 09:30:26 - Saved image to: resources/labels/232/face_10.jpg
2026-08-05 09:30:26 - Saved student info files
2026-08-05 09:30:26 - Executing command: python "C:\xampp\htdocs\new\Face-Recognition-Attendance-System/python/realtime_recognition.py" --train
2026-08-05 09:30:29 - Command output: Array
(
    [0] => 2026-08-05 13:15:26,604 - INFO - Processing student 1122 with label 0
    [1] => 2026-08-05 13:15:27,228 - INFO - Processing student 232 with label 1
    [2] => 2026-08-05 13:15:27,472 - INFO - Processing student 2323 with label 2
    [3] => 2026-08-05 13:15:27,680 - INFO - Training LBPH...
    [4] => 2026-08-05 13:15:28,105 - INFO - Training Eigenfaces...
    [5] => 2026-08-05 13:15:29,063 - INFO - Training Fisherfaces...
    [6] => {"success": true, "message": "Trained 3 students with 120 images using multiple algorithms"}
)

2026-08-05 09:30:29 - Return code: 0
2026-08-05 09:30:29 - Student registration completed successfully
2026-08-05 09:39:48 - Starting student registration process
2026-08-05 09:39:48 - Student details: {"name":"Sujal Chitrakar","reg":"67"}
2026-08-05 09:39:48 - Base directory: C:\xampp\htdocs\new\Face-Recognition-Attendance-System
2026-08-05 09:39:48 - Python script path: C:\xampp\htdocs\new\Face-Recognition-Attendance-System/python/realtime_recognition.py
2026-08-05 09:39:48 - Creating student directory: C:\xampp\htdocs\new\Face-Recognition-Attendance-System/students/67
2026-08-05 09:39:48 - Creating student directory: C:\xampp\htdocs\new\Face-Recognition-Attendance-System/validated_faces/student67
2026-08-05 09:39:48 - Creating student directory: resources/labels/67
2026-08-05 09:39:48 - Processing image 1 for student 67
2026-08-05 09:39:48 - Saved image to: C:\xampp\htdocs\new\Face-Recognition-Attendance-System/students/67/face_1.jpg
2026-08-05 09:39:48 - Saved image to: C:\xampp\htdocs\new\Face-Recognition-Attendance-System/validated_faces/student67/face_1.jpg
2026-08-05 09:39:48 - Saved image to: resources/labels/67/face_1.jpg
2026-08-05 09:39:48 - Processing image 2 for student 67
2026-08-05 09:39:48 - Saved image to: C:\xampp\htdocs\new\Face-Recognition-Attendance-System/students/67/face_2.jpg
2026-08-05 09:39:48 - Saved image to: C:\xampp\htdocs\new\Face-Recognition-Attendance-System/validated_faces/student67/face_2.jpg
2026-08-05 09:39:48 - Saved image to: resources/labels/67/face_2.jpg
2026-08-05 09:39:48 - Processing image 3 for student 67
2026-08-05 09:39:48 - Saved image to: C:\xampp\htdocs\new\Face-Recognition-Attendance-System/students/67/face_3.jpg
2026-08-05 09:39:48 - Saved image to: C:\xampp\htdocs\new\Face-Recognition-Attendance-System/validated_faces/student67/face_3.jpg
2026-08-05 09:39:48 - Saved image to: resources/labels/67/face_3.jpg
2026-08-05 09:39:48 - Processing image 4 for student 67
2026-08-05 09:39:48 - Saved image to: C:\xampp\htdocs\new\Face-Recognition-Attendance-System/students/67/face_4.jpg
2026-08-05 09:39:48 - Saved image to: C:\xampp\htdocs\new\Face-Recognition-Attendance-System/validated_faces/student67/face_4.jpg
2026-08-05 09:39:48 - Saved image to: resources/labels/67/face_4.jpg
2026-08-05 09:39:48 - Processing image 5 for student 67
2026-08-05 09:39:48 - Saved image to: C:\xampp\htdocs\new\Face-Recognition-Attendance-System/students/67/face_5.jpg
2026-08-05 09:39:48 - Saved image to: C:\xampp\htdocs\new\Face-Recognition-Attendance-System/validated_faces/student67/face_5.jpg
2026-08-05 09:39:48 - Saved image to: resources/labels/67/face_5.jpg
2026-08-05 09:39:48 - Processing image 6 for student 67
2026-08-05 09:39:48 - Saved image to: C:\xampp\htdocs\new\Face-Recognition-Attendance-System/students/67/face_6.jpg
2026-08-05 09:39:48 - Saved image to: C:\xampp\htdocs\new\Face-Recognition-Attendance-System/validated_faces/student67/face_6.jpg
2026-08-05 09:39:48 - Saved image to: resources/labels/67/face_6.jpg
2026-08-05 09:39:48 - Processing image 7 for student 67
2026-08-05 09:39:48 - Saved image to: C:\xampp\htdocs\new\Face-Recognition-Attendance-System/students/67/face_7.jpg
2026-08-05 09:39:48 - Saved image to: C:\xampp\htdocs\new\Face-Recognition-Attendance-System/validated_faces/student67/face_7.jpg
2026-08-05 09:39:48 - Saved image to: resources/labels/67/face_7.jpg
2026-08-05 09:39:48 - Processing image 8 for student 67
2026-08-05 09:39:48 - Saved image to: C:\xampp\htdocs\new\Face-Recognition-Attendance-System/students/67/face_8.jpg
2026-08-05 09:39:48 - Saved image to: C:\xampp\htdocs\new\Face-Recognition-Attendance-System/validated_faces/student67/face_8.jpg
2026-08-05 09:39:48 - Saved image to: resources/labels/67/face_8.jpg
2026-08-05 09:39:48 - Processing image 9 for student 67
2026-08-05 09:39:48 - Saved image to: C:\xampp\htdocs\new\Face-Recognition-Attendance-System/students/67/face_9.jpg
2026-08-05 09:39:48 - Saved image to: C:\xampp\htdocs\new\Face-Recognition-Attendance-System/validated_faces/student67/face_9.jpg
2026-08-05 09:39:48 - Saved image to: resources/labels/67/face_9.jpg
2026-08-05 09:39:48 - Processing image 10 for student 67
2026-08-05 09:39:48 - Saved image to: C:\xampp\htdocs\new\Face-Recognition-Attendance-System/students/67/face_10.jpg
2026-08-05 09:39:48 - Saved image to: C:\xampp\htdocs\new\Face-Recognition-Attendance-System/validated_faces/student67/face_10.jpg
2026-08-05 09:39:48 - Saved image to: resources/labels/67/face_10.jpg
2026-08-05 09:39:48 - Saved student info files
2026-08-05 09:39:48 - Executing command: python "C:\xampp\htdocs\new\Face-Recognition-Attendance-System/python/realtime_recognition.py" --train
2026-08-05 09:39:52 - Command output: Array
(
    [0] => 2026-08-05 13:24:48,625 - INFO - Processing student 1122 with label 0
    [1] => 2026-08-05 13:24:49,291 - INFO - Processing student 232 with label 1
    [2] => 2026-08-05 13:24:49,522 - INFO - Processing student 2323 with label 2
    [3] => 2026-08-05 13:24:49,760 - INFO - Processing student 67 with label 3
    [4] => 2026-08-05 13:24:50,015 - INFO - Training LBPH...
    [5] => 2026-08-05 13:24:50,566 - INFO - Training Eigenfaces...
    [6] => 2026-08-05 13:24:51,930 - INFO - Training Fisherfaces...
    [7] => {"success": true, "message": "Trained 4 students with 156 images using multiple algorithms"}
)

2026-08-05 09:39:52 - Return code: 0
2026-08-05 09:39:52 - Student registration completed successfully
